"R e,out","t e,out","R e,in","t e,in",Aso,Asi,As,Ac,Ak,χ,e,γ,"R e,out/R e,in",t out/t in,φ r,"fy,out","fy,in","fc,ref",L,e/L,N0/kN,Nexp/kN
36.37,1.03,30.0,1.0,238.71,191.64,430.35,1136.56,2827.43,0.8524,0.0,0.0,1.212,1.03,1.0,486.0,470.0,52.74,230.0,0.0,266.03,283.0
36.38,0.97,30.06,0.94,224.68,180.32,405.0,1138.84,2838.75,0.8521,0.0,0.0,1.21,1.032,1.0,486.0,470.0,52.74,230.0,0.0,254.01,285.0
36.41,1.29,30.12,1.23,300.34,237.53,537.87,1077.14,2850.1,0.861,0.0,0.0,1.209,1.049,1.0,486.0,470.0,52.74,230.0,0.0,314.42,348.0
36.41,1.19,30.0,1.2,276.69,230.72,507.4,1106.62,2827.43,0.8569,0.0,0.0,1.214,0.992,1.0,486.0,470.0,52.74,230.0,0.0,301.28,348.0
36.37,1.78,30.0,1.0,416.72,191.64,608.36,1136.56,2827.43,0.8524,0.0,0.0,1.212,1.78,1.0,486.0,470.0,52.74,230.0,0.0,352.54,395.0
36.41,1.74,30.06,0.94,407.57,180.32,587.89,1145.7,2838.75,0.8514,0.0,0.0,1.211,1.851,1.0,512.0,470.0,52.74,230.0,0.0,353.86,395.0
39.6,0.9,30.0,1.0,226.48,191.64,418.11,1907.45,2827.43,0.7828,0.0,0.0,1.32,0.9,1.0,524.0,470.0,52.74,230.0,0.0,309.35,330.0
39.63,0.87,30.06,0.94,219.01,180.32,399.33,1914.92,2838.75,0.7822,0.0,0.0,1.318,0.926,1.0,524.0,470.0,52.74,230.0,0.0,300.51,335.0
39.64,1.11,30.21,1.14,280.33,220.47,500.81,1848.85,2867.16,0.7909,0.0,0.0,1.312,0.974,1.0,524.0,470.0,52.74,230.0,0.0,348.03,386.0
39.61,1.14,29.97,1.13,287.8,216.8,504.6,1890.43,2821.78,0.7852,0.0,0.0,1.322,1.009,1.0,524.0,470.0,52.74,230.0,0.0,352.41,395.0
42.71,0.99,30.03,0.87,268.75,166.53,435.28,2731.09,2833.09,0.7235,0.0,0.0,1.422,1.138,1.0,428.0,452.0,52.74,230.0,0.0,334.35,378.0
42.71,0.94,29.92,0.88,255.03,167.87,422.9,2750.48,2812.37,0.7211,0.0,0.0,1.427,1.068,1.0,428.0,452.0,52.74,230.0,0.0,330.1,385.0
42.69,1.26,29.81,0.89,342.96,169.19,512.14,2764.43,2791.73,0.7191,0.0,0.0,1.432,1.416,1.0,428.0,452.0,52.74,230.0,0.0,369.07,432.0
42.78,1.17,29.75,0.85,318.79,161.16,479.95,2807.86,2780.51,0.7153,0.0,0.0,1.438,1.376,1.0,444.0,452.0,52.74,230.0,0.0,362.49,408.0
49.26,0.59,39.6,0.55,183.7,137.8,321.5,2558.91,4926.52,0.8151,0.0,0.0,1.244,1.073,1.0,409.0,474.0,52.74,230.0,0.0,275.42,283.0
49.26,0.69,42.79,0.61,215.06,165.17,380.23,1705.85,5752.21,0.881,0.0,0.0,1.151,1.131,1.0,409.0,444.0,52.74,230.0,0.0,251.27,299.0
49.24,0.71,39.58,0.67,221.25,168.03,389.28,2527.46,4921.54,0.8174,0.0,0.0,1.244,1.06,1.0,409.0,474.0,52.74,230.0,0.0,303.45,357.0
49.25,0.7,36.38,0.62,218.15,142.93,361.08,3319.29,4157.91,0.7513,0.0,0.0,1.354,1.129,1.0,409.0,512.0,52.74,230.0,0.0,337.48,380.0
49.24,0.66,30.15,0.55,205.56,105.14,310.7,4656.12,2855.78,0.6235,0.0,0.0,1.633,1.2,1.0,409.0,432.0,52.74,230.0,0.0,375.08,443.0
49.24,1.61,30.19,0.56,506.25,107.21,613.46,4646.46,2863.36,0.6245,0.0,0.0,1.631,2.875,1.0,409.0,432.0,52.74,230.0,0.0,498.45,644.0
42.85,1.55,30.59,1.16,424.86,227.18,652.04,2601.43,2939.74,0.741,0.0,0.0,1.401,1.336,1.0,286.0,216.0,52.74,230.0,0.0,307.79,357.0
49.14,1.56,30.55,1.15,489.3,224.9,714.2,4429.17,2932.06,0.6451,0.0,0.0,1.609,1.357,1.0,255.0,216.0,52.74,230.0,0.0,406.97,477.0
49.1,1.65,36.86,1.19,517.59,280.05,797.64,3025.38,4268.36,0.7749,0.0,0.0,1.332,1.387,1.0,255.0,235.0,52.74,230.0,0.0,357.37,417.0
55.51,1.64,30.63,1.12,580.45,219.49,799.94,6513.46,2947.43,0.572,0.0,0.0,1.812,1.464,1.0,262.0,216.0,52.74,230.0,0.0,543.04,598.0
55.51,1.64,36.91,1.14,580.45,268.46,848.91,5131.97,4279.94,0.6855,0.0,0.0,1.504,1.439,1.0,262.0,235.0,52.74,230.0,0.0,485.85,551.0
55.51,1.64,42.89,1.56,580.45,428.04,1008.49,3473.21,5779.12,0.8008,0.0,0.0,1.294,1.051,1.0,262.0,286.0,52.74,230.0,0.0,457.69,524.0
171.18,3.82,112.58,2.92,4154.47,2092.28,6246.75,50147.18,39817.35,0.66,0.0,0.0,1.521,1.308,1.0,439.3,396.5,42.0,1050.0,0.0,4760.83,5448.0
148.0,2.0,88.0,2.0,1872.39,1118.41,2990.8,43366.54,24328.49,0.6,0.0,0.0,1.682,1.0,1.0,290.0,290.0,22.4,900.0,0.0,1838.74,2141.0
146.0,4.0,88.0,2.0,3719.65,1118.41,4838.05,41519.29,24328.49,0.6,0.0,0.0,1.659,2.0,1.0,290.0,290.0,22.4,900.0,0.0,2333.07,2693.0
51.35,5.9,21.4,2.8,2012.94,401.12,2414.06,6443.98,1438.72,0.47,0.0,0.0,2.4,2.107,1.0,454.0,425.0,52.28,400.0,0.0,1421.25,1415.0
52.6,4.7,21.4,2.8,1622.73,401.12,2023.85,6852.19,1438.72,0.46,0.0,0.0,2.458,1.679,1.0,416.0,425.0,52.28,400.0,0.0,1203.77,1380.0
79.05,3.5,47.8,3.1,1776.88,961.23,2738.12,11492.24,7178.04,0.64,0.0,0.0,1.654,1.129,1.0,433.0,410.0,52.28,400.0,0.0,1764.32,1705.0
53.7,3.5,21.4,2.8,1219.41,401.12,1620.53,7219.54,1438.72,0.4507,0.0,0.0,2.509,1.25,1.0,453.0,425.0,52.28,400.0,0.0,1100.31,1191.0
54.1,3.0,21.4,2.8,1048.04,401.12,1449.15,7355.0,1438.72,0.4473,0.0,0.0,2.528,1.071,1.0,430.0,425.0,52.28,400.0,0.0,1005.66,1100.0
79.75,2.9,47.8,3.1,1479.56,961.23,2440.8,11841.46,7178.04,0.6382,0.0,0.0,1.668,0.935,1.0,395.0,410.0,52.28,400.0,0.0,1597.62,1591.0
87.0,3.0,21.0,3.0,1668.19,424.12,2092.3,21969.16,1385.44,0.28,0.0,0.0,4.143,1.0,1.0,275.9,396.1,39.66,540.0,0.0,1499.54,1790.0
87.0,3.0,21.0,3.0,1668.19,424.12,2092.3,21969.16,1385.44,0.28,0.0,0.0,4.143,1.0,1.0,275.9,396.1,39.66,540.0,0.0,1499.54,1791.0
87.0,3.0,41.0,3.0,1668.19,801.11,2469.29,17696.59,5281.02,0.51,0.0,0.0,2.122,1.0,1.0,275.9,370.2,39.66,540.0,0.0,1458.67,1648.0
87.0,3.0,41.0,3.0,1668.19,801.11,2469.29,17696.59,5281.02,0.51,0.0,0.0,2.122,1.0,1.0,275.9,370.2,39.66,540.0,0.0,1458.67,1650.0
87.0,3.0,67.0,3.0,1668.19,1291.19,2959.38,8384.91,14102.61,0.8,0.0,0.0,1.299,1.0,1.0,275.9,342.0,39.66,540.0,0.0,1234.38,1435.0
87.0,3.0,67.0,3.0,1668.19,1291.19,2959.38,8384.91,14102.61,0.8,0.0,0.0,1.299,1.0,1.0,275.9,342.0,39.66,540.0,0.0,1234.38,1358.0
54.0,3.0,26.0,3.0,1046.15,518.36,1564.51,6518.8,2123.72,0.54,0.0,0.0,2.077,1.0,1.0,294.5,374.5,39.66,342.0,0.0,760.75,904.0
54.0,3.0,26.0,3.0,1046.15,518.36,1564.51,6518.8,2123.72,0.54,0.0,0.0,2.077,1.0,1.0,294.5,374.5,39.66,342.0,0.0,760.75,898.0
117.0,3.0,54.0,3.0,2233.67,1046.15,3279.82,32798.23,9160.88,0.49,0.0,0.0,2.167,1.0,1.0,275.9,294.5,39.66,720.0,0.0,2225.13,2421.0
117.0,3.0,54.0,3.0,2233.67,1046.15,3279.82,32798.23,9160.88,0.49,0.0,0.0,2.167,1.0,1.0,275.9,294.5,39.66,720.0,0.0,2225.13,2460.0
147.0,3.0,79.5,3.0,2799.16,1526.81,4325.97,46504.21,19855.65,0.56,0.0,0.0,1.849,1.0,1.0,275.9,320.5,39.66,900.0,0.0,3105.98,3331.0
147.0,3.0,79.5,3.0,2799.16,1526.81,4325.97,46504.21,19855.65,0.56,0.0,0.0,1.849,1.0,1.0,275.9,320.5,39.66,900.0,0.0,3105.98,3266.0
54.0,3.0,26.0,3.0,1046.15,518.36,1564.51,6518.8,2123.72,0.54,4.0,0.0,2.077,1.0,1.0,294.5,374.5,38.64,887.0,0.004509583,754.14,664.0
54.0,3.0,26.0,3.0,1046.15,518.36,1564.51,6518.8,2123.72,0.54,4.0,0.0,2.077,1.0,1.0,294.5,374.5,38.64,887.0,0.004509583,754.14,638.0
54.0,3.0,26.0,3.0,1046.15,518.36,1564.51,6518.8,2123.72,0.54,14.0,0.0,2.077,1.0,1.0,294.5,374.5,38.64,887.0,0.01578354,754.14,536.0
54.0,3.0,26.0,3.0,1046.15,518.36,1564.51,6518.8,2123.72,0.54,14.0,0.0,2.077,1.0,1.0,294.5,374.5,38.64,887.0,0.01578354,754.14,549.0
54.0,3.0,26.0,3.0,1046.15,518.36,1564.51,6518.8,2123.72,0.54,45.0,0.0,2.077,1.0,1.0,294.5,374.5,38.64,887.0,0.050732807,754.14,312.0
54.0,3.0,26.0,3.0,1046.15,518.36,1564.51,6518.8,2123.72,0.54,45.0,0.0,2.077,1.0,1.0,294.5,374.5,38.64,887.0,0.050732807,754.14,312.0
54.0,3.0,26.0,3.0,1046.15,518.36,1564.51,6518.8,2123.72,0.54,0.0,0.0,2.077,1.0,1.0,294.5,374.5,38.64,1770.0,0.0,754.14,620.0
54.0,3.0,26.0,3.0,1046.15,518.36,1564.51,6518.8,2123.72,0.54,0.0,0.0,2.077,1.0,1.0,294.5,374.5,38.64,1770.0,0.0,754.14,595.0
54.0,3.0,26.0,3.0,1046.15,518.36,1564.51,6518.8,2123.72,0.54,15.5,0.0,2.077,1.0,1.0,294.5,374.5,38.64,1770.0,0.008757062,754.14,400.0
54.0,3.0,26.0,3.0,1046.15,518.36,1564.51,6518.8,2123.72,0.54,15.5,0.0,2.077,1.0,1.0,294.5,374.5,38.64,1770.0,0.008757062,754.14,394.0
54.0,3.0,26.0,3.0,1046.15,518.36,1564.51,6518.8,2123.72,0.54,45.0,0.0,2.077,1.0,1.0,294.5,374.5,38.64,1770.0,0.025423729,754.14,228.0
57.0,3.0,13.0,3.0,1102.7,273.32,1376.02,9402.79,530.93,0.28,0.0,0.0,4.385,1.0,1.0,275.9,422.3,39.11,360.0,0.0,787.36,1054.0
57.0,3.0,26.0,3.0,1102.7,518.36,1621.06,7564.96,2123.72,0.51,0.0,0.0,2.192,1.0,1.0,275.9,374.5,39.11,360.0,0.0,794.2,990.0
57.0,3.0,41.0,3.0,1102.7,801.11,1903.81,4124.91,5281.02,0.77,0.0,0.0,1.39,1.0,1.0,275.9,370.2,39.11,360.0,0.0,762.11,870.0
87.0,3.0,41.0,3.0,1668.19,801.11,2469.29,17696.59,5281.02,0.51,0.0,0.0,2.122,1.0,1.0,275.9,370.2,39.11,360.0,0.0,1448.86,1725.0
78.1,0.9,18.1,0.9,444.19,104.9,549.09,18028.38,1029.22,0.24,0.0,0.0,4.315,1.0,1.0,221.0,221.0,18.7,474.0,0.0,121.35,635.0
78.6,0.9,37.1,0.9,447.02,212.34,659.36,14872.17,4324.12,0.48,0.0,0.0,2.119,1.0,1.0,221.0,221.0,18.7,477.0,0.0,145.72,540.0
78.6,0.9,56.1,0.9,447.02,319.78,766.8,9201.6,9887.25,0.72,0.0,0.0,1.401,1.0,1.0,221.0,221.0,18.7,477.0,0.0,169.46,378.0
77.5,1.5,18.0,1.5,737.49,176.71,914.2,17674.6,1017.88,0.25,0.0,0.0,4.306,1.0,1.0,308.0,308.0,18.7,474.0,0.0,281.57,852.0
77.5,1.5,37.0,1.5,737.49,355.79,1093.27,14212.57,4300.84,0.49,0.0,0.0,2.095,1.0,1.0,308.0,308.0,18.7,474.0,0.0,336.73,728.0
77.5,1.5,55.5,1.5,737.49,530.14,1267.63,8662.16,9676.89,0.72,0.0,0.0,1.396,1.0,1.0,308.0,308.0,18.7,474.0,0.0,390.43,589.0
76.86,2.14,17.86,2.14,1047.85,254.53,1302.38,17302.19,1002.1,0.25,0.0,0.0,4.303,1.0,1.0,286.0,286.0,18.7,474.0,0.0,372.48,968.0
76.86,2.14,36.36,2.14,1047.85,503.28,1551.13,13902.21,4153.34,0.49,0.0,0.0,2.114,1.0,1.0,286.0,286.0,18.7,474.0,0.0,443.62,879.0
76.36,2.14,55.36,2.14,1041.13,758.76,1799.88,7931.26,9628.13,0.73,0.0,0.0,1.379,1.0,1.0,286.0,286.0,18.7,471.0,0.0,514.77,704.0
117.0,3.0,57.0,3.0,2233.67,1102.7,3336.37,31695.53,10207.03,0.5128,0.0,0.0,2.053,1.0,1.0,280.0,280.0,29.0,720.0,0.0,1853.35,1990.0
117.0,3.0,57.0,3.0,2233.67,1102.7,3336.37,31695.53,10207.03,0.5128,0.0,0.0,2.053,1.0,1.0,280.0,280.0,29.0,720.0,0.0,1853.35,1990.0
117.0,3.0,37.0,3.0,2233.67,725.71,2959.38,37978.71,4300.84,0.3419,0.0,0.0,3.162,1.0,1.0,280.0,280.0,29.0,720.0,0.0,1930.01,2207.0
117.0,3.0,37.0,3.0,2233.67,725.71,2959.38,37978.71,4300.84,0.3419,0.0,0.0,3.162,1.0,1.0,280.0,280.0,29.0,720.0,0.0,1930.01,2207.0
116.0,4.0,56.0,4.0,2965.66,1457.7,4423.36,30963.54,9852.03,0.5172,0.0,0.0,2.071,1.0,1.0,280.0,280.0,29.0,720.0,0.0,2136.48,2517.0
116.0,4.0,56.0,4.0,2965.66,1457.7,4423.36,30963.54,9852.03,0.5172,0.0,0.0,2.071,1.0,1.0,280.0,280.0,29.0,720.0,0.0,2136.48,2517.0
116.0,4.0,36.0,4.0,2965.66,955.04,3920.71,37246.72,4071.5,0.3448,0.0,0.0,3.222,1.0,1.0,280.0,280.0,29.0,720.0,0.0,2177.95,2735.0
116.0,4.0,36.0,4.0,2965.66,955.04,3920.71,37246.72,4071.5,0.3448,0.0,0.0,3.222,1.0,1.0,280.0,280.0,29.0,720.0,0.0,2177.95,2735.0
106.38,3.62,75.78,3.72,2460.8,1814.71,4275.51,15696.82,18040.94,0.7473,0.0,0.0,1.404,0.973,1.0,319.6,380.6,51.43,660.0,0.0,2284.45,2537.0
106.38,3.62,75.78,3.72,2460.8,1814.71,4275.51,15696.82,18040.94,0.7473,0.0,0.0,1.404,0.973,1.0,319.6,380.6,51.43,660.0,0.0,2284.45,2566.0
106.38,3.62,49.28,3.72,2460.8,1195.32,3656.11,26727.74,7629.42,0.4982,0.0,0.0,2.159,0.973,1.0,319.6,380.6,51.43,660.0,0.0,2616.04,3436.0
106.38,3.62,49.28,3.72,2460.8,1195.32,3656.11,26727.74,7629.42,0.4982,0.0,0.0,2.159,0.973,1.0,319.6,380.6,51.43,660.0,0.0,2616.04,3506.0
106.38,3.62,75.78,3.72,2460.8,1814.71,4275.51,15696.82,18040.94,0.7473,0.0,0.0,1.404,0.973,1.0,319.6,380.6,51.43,660.0,0.0,2284.45,1552.0
106.38,3.62,75.78,3.72,2460.8,1814.71,4275.51,15696.82,18040.94,0.7473,0.0,0.0,1.404,0.973,1.0,319.6,380.6,51.43,660.0,0.0,2284.45,1561.0
171.18,3.82,112.58,2.92,4154.47,2092.28,6246.75,50147.18,39817.35,0.6747,0.0,0.0,1.521,1.308,1.0,439.3,396.5,36.9,1050.0,0.0,4504.95,5499.0
171.18,3.82,112.58,2.92,4154.47,2092.28,6246.75,50147.18,39817.35,0.6747,0.0,0.0,1.521,1.308,1.0,439.3,396.5,36.9,1050.0,0.0,4504.95,5396.0
58.04,1.96,28.04,1.96,726.83,357.38,1084.22,7755.47,2470.05,0.5169,0.0,0.0,2.07,1.0,1.0,311.0,380.0,25.9,1324.0,0.0,562.69,578.0
58.04,1.96,28.04,1.96,726.83,357.38,1084.22,7755.47,2470.05,0.5169,0.0,0.0,2.07,1.0,1.0,311.0,380.0,49.08,1324.0,0.0,742.45,715.0
66.6,3.0,36.1,2.0,1283.65,466.21,1749.87,9374.36,4094.15,0.5721,0.0,0.0,1.845,1.5,1.0,418.0,324.0,23.53,998.0,0.0,908.18,1059.2
66.6,3.0,36.1,2.0,1283.65,466.21,1749.87,9374.36,4094.15,0.5721,0.0,0.0,1.845,1.5,1.0,418.0,324.0,23.53,1001.0,0.0,908.18,1056.1
66.6,3.0,36.1,2.0,1283.65,466.21,1749.87,9374.36,4094.15,0.5721,0.0,0.0,1.845,1.5,1.0,418.0,324.0,23.53,1500.0,0.0,908.18,905.5
66.6,3.0,36.1,2.0,1283.65,466.21,1749.87,9374.36,4094.15,0.5721,0.0,0.0,1.845,1.5,1.0,418.0,324.0,23.53,1503.0,0.0,908.18,901.6
66.6,3.0,36.1,2.0,1283.65,466.21,1749.87,9374.36,4094.15,0.5721,0.0,0.0,1.845,1.5,1.0,418.0,324.0,23.53,2000.0,0.0,908.18,831.7
66.6,3.0,36.1,2.0,1283.65,466.21,1749.87,9374.36,4094.15,0.5721,0.0,0.0,1.845,1.5,1.0,418.0,324.0,23.53,1998.0,0.0,908.18,837.4
66.6,3.0,36.1,2.0,1283.65,466.21,1749.87,9374.36,4094.15,0.5721,0.0,0.0,1.845,1.5,1.0,418.0,324.0,23.53,2502.0,0.0,908.18,732.1
66.6,3.0,36.1,2.0,1283.65,466.21,1749.87,9374.36,4094.15,0.5721,0.0,0.0,1.845,1.5,1.0,418.0,324.0,23.53,2498.0,0.0,908.18,729.0
73.2,3.0,36.1,2.0,1408.06,466.21,1874.27,12273.04,4094.15,0.5205,0.0,0.0,2.028,1.5,1.0,549.0,324.0,23.53,1003.0,0.0,1212.83,1263.5
73.2,3.0,36.1,2.0,1408.06,466.21,1874.27,12273.04,4094.15,0.5205,0.0,0.0,2.028,1.5,1.0,549.0,324.0,23.53,1002.0,0.0,1212.83,1254.9
73.2,3.0,36.1,2.0,1408.06,466.21,1874.27,12273.04,4094.15,0.5205,0.0,0.0,2.028,1.5,1.0,549.0,324.0,23.53,1497.0,0.0,1212.83,1195.6
73.2,3.0,36.1,2.0,1408.06,466.21,1874.27,12273.04,4094.15,0.5205,0.0,0.0,2.028,1.5,1.0,549.0,324.0,23.53,1503.0,0.0,1212.83,1191.2
73.2,3.0,36.1,2.0,1408.06,466.21,1874.27,12273.04,4094.15,0.5205,0.0,0.0,2.028,1.5,1.0,549.0,324.0,23.53,1997.0,0.0,1212.83,1047.3
73.2,3.0,36.1,2.0,1408.06,466.21,1874.27,12273.04,4094.15,0.5205,0.0,0.0,2.028,1.5,1.0,549.0,324.0,23.53,2000.0,0.0,1212.83,1041.6
73.2,3.0,36.1,2.0,1408.06,466.21,1874.27,12273.04,4094.15,0.5205,0.0,0.0,2.028,1.5,1.0,549.0,324.0,23.53,2498.0,0.0,1212.83,941.4
73.2,3.0,36.1,2.0,1408.06,466.21,1874.27,12273.04,4094.15,0.5205,0.0,0.0,2.028,1.5,1.0,549.0,324.0,23.53,2500.0,0.0,1212.83,949.0
79.55,3.0,36.1,2.0,1527.76,466.21,1993.97,15320.27,4094.15,0.4789,0.0,0.0,2.204,1.5,1.0,516.0,324.0,23.53,998.0,0.0,1299.82,1512.3
79.55,3.0,36.1,2.0,1527.76,466.21,1993.97,15320.27,4094.15,0.4789,0.0,0.0,2.204,1.5,1.0,516.0,324.0,23.53,999.0,0.0,1299.82,1510.6
79.55,3.0,36.1,2.0,1527.76,466.21,1993.97,15320.27,4094.15,0.4789,0.0,0.0,2.204,1.5,1.0,516.0,324.0,23.53,1504.0,0.0,1299.82,1286.4
79.55,3.0,36.1,2.0,1527.76,466.21,1993.97,15320.27,4094.15,0.4789,0.0,0.0,2.204,1.5,1.0,516.0,324.0,23.53,1498.0,0.0,1299.82,1275.1
79.55,3.0,36.1,2.0,1527.76,466.21,1993.97,15320.27,4094.15,0.4789,0.0,0.0,2.204,1.5,1.0,516.0,324.0,23.53,2003.0,0.0,1299.82,1187.2
79.55,3.0,36.1,2.0,1527.76,466.21,1993.97,15320.27,4094.15,0.4789,0.0,0.0,2.204,1.5,1.0,516.0,324.0,23.53,1998.0,0.0,1299.82,1199.8
79.55,3.0,36.1,2.0,1527.76,466.21,1993.97,15320.27,4094.15,0.4789,0.0,0.0,2.204,1.5,1.0,516.0,324.0,23.53,2498.0,0.0,1299.82,1028.0
79.55,3.0,36.1,2.0,1527.76,466.21,1993.97,15320.27,4094.15,0.4789,0.0,0.0,2.204,1.5,1.0,516.0,324.0,23.53,2502.0,0.0,1299.82,1036.5
93.35,3.5,36.1,2.0,2091.36,466.21,2557.57,22816.17,4094.15,0.4081,0.0,0.0,2.586,1.75,1.0,391.0,324.0,23.53,1003.0,0.0,1505.58,2010.0
93.35,3.5,36.1,2.0,2091.36,466.21,2557.57,22816.17,4094.15,0.4081,0.0,0.0,2.586,1.75,1.0,391.0,324.0,23.53,1000.0,0.0,1505.58,2030.0
93.35,3.5,36.1,2.0,2091.36,466.21,2557.57,22816.17,4094.15,0.4081,0.0,0.0,2.586,1.75,1.0,391.0,324.0,23.53,1502.0,0.0,1505.58,1730.0
93.35,3.5,36.1,2.0,2091.36,466.21,2557.57,22816.17,4094.15,0.4081,0.0,0.0,2.586,1.75,1.0,391.0,324.0,23.53,1500.0,0.0,1505.58,1720.0
93.35,3.5,36.1,2.0,2091.36,466.21,2557.57,22816.17,4094.15,0.4081,0.0,0.0,2.586,1.75,1.0,391.0,324.0,23.53,1998.0,0.0,1505.58,1581.6
93.35,3.5,36.1,2.0,2091.36,466.21,2557.57,22816.17,4094.15,0.4081,0.0,0.0,2.586,1.75,1.0,391.0,324.0,23.53,2003.0,0.0,1505.58,1584.1
93.35,3.5,36.1,2.0,2091.36,466.21,2557.57,22816.17,4094.15,0.4081,0.0,0.0,2.586,1.75,1.0,391.0,324.0,23.53,2503.0,0.0,1505.58,1451.4
93.35,3.5,36.1,2.0,2091.36,466.21,2557.57,22816.17,4094.15,0.4081,0.0,0.0,2.586,1.75,1.0,391.0,324.0,23.53,2497.0,0.0,1505.58,1458.7
54.38,2.87,21.22,2.73,1006.5,387.4,1393.9,7488.24,1414.62,0.4404,0.0,0.0,2.563,1.051,1.0,270.3,306.8,32.9,400.0,0.0,637.27,909.0
80.72,3.18,47.8,2.8,1644.6,865.57,2510.17,12426.12,7178.04,0.6269,0.0,0.0,1.689,1.136,1.0,280.1,324.1,32.9,400.0,0.0,1150.0,1409.0
54.26,2.79,22.38,3.07,975.64,461.31,1436.94,7214.5,1573.51,0.469,0.0,0.0,2.424,0.909,1.0,280.7,228.2,39.4,400.0,0.0,663.38,852.0
80.98,3.22,48.16,2.79,1670.95,868.7,2539.65,12446.54,7286.56,0.6292,0.0,0.0,1.681,1.154,1.0,281.1,225.7,39.4,400.0,0.0,1156.16,1314.0
67.5,2.5,55.0,2.0,1079.92,703.72,1783.64,4106.85,9503.32,0.8444,0.0,0.0,1.227,1.25,1.0,307.0,321.0,32.47,420.0,0.0,690.78,755.0
67.5,2.5,55.0,2.0,1079.92,703.72,1783.64,4106.85,9503.32,0.8444,0.0,0.0,1.227,1.25,1.0,307.0,321.0,32.47,420.0,0.0,690.78,701.0
67.5,2.5,36.4,1.6,1079.92,373.98,1453.9,9777.42,4162.48,0.563,0.0,0.0,1.854,1.563,1.0,307.0,429.0,32.47,420.0,0.0,809.46,942.0
67.5,2.5,36.4,1.6,1079.92,373.98,1453.9,9777.42,4162.48,0.563,0.0,0.0,1.854,1.563,1.0,307.0,429.0,32.47,420.0,0.0,809.46,928.0
217.0,8.0,192.0,8.0,11108.67,9852.03,20960.71,22270.75,115811.67,0.9217,0.0,0.0,1.13,1.0,1.0,365.0,363.0,35.36,700.0,0.0,8418.41,8906.0
217.0,8.0,192.0,8.0,11108.67,9852.03,20960.71,22270.75,115811.67,0.9217,0.0,0.0,1.13,1.0,1.0,365.0,363.0,35.36,700.0,0.0,8418.41,8774.0
49.2,1.7,23.27,1.53,534.6,231.06,765.66,5672.46,1701.15,0.5041,0.0,0.0,2.114,1.111,1.0,353.3,376.5,36.42,300.0,0.0,482.45,583.0
49.2,1.7,22.38,3.07,534.6,461.31,995.91,5569.85,1573.51,0.5173,0.0,0.0,2.198,0.554,1.0,353.3,228.9,36.42,300.0,0.0,497.32,634.0
48.16,2.79,23.27,1.53,868.7,231.06,1099.76,5354.36,1701.15,0.515,0.0,0.0,2.07,1.824,1.0,226.0,376.5,36.42,300.0,0.0,478.32,593.0
48.16,2.79,22.38,3.07,868.7,461.31,1330.01,5251.75,1573.51,0.5284,0.0,0.0,2.152,0.909,1.0,226.0,228.9,36.42,300.0,0.0,493.18,681.0
54.26,2.79,23.27,1.53,975.64,231.06,1206.69,7317.11,1701.15,0.4571,0.0,0.0,2.332,1.824,1.0,281.2,376.5,36.42,350.0,0.0,627.82,804.0
54.26,2.79,22.38,3.07,975.64,461.31,1436.94,7214.5,1573.51,0.469,0.0,0.0,2.424,0.909,1.0,281.2,228.9,36.42,350.0,0.0,642.69,891.0
74.7,1.6,23.27,1.53,759.01,231.06,990.06,15598.16,1701.15,0.332,0.0,0.0,3.21,1.046,1.0,314.5,376.5,36.42,450.0,0.0,893.77,1055.0
74.7,1.6,36.44,1.66,759.01,388.73,1147.74,12970.0,4171.64,0.51,0.0,0.0,2.05,0.964,1.0,314.5,398.9,36.42,450.0,0.0,866.13,997.0
74.7,1.6,49.2,1.7,759.01,534.6,1293.61,9391.1,7604.66,0.6814,0.0,0.0,1.518,0.941,1.0,314.5,353.3,36.42,450.0,0.0,769.6,825.0
74.7,1.6,48.16,2.79,759.01,868.7,1627.71,9375.1,7286.56,0.6821,0.0,0.0,1.551,0.573,1.0,314.5,226.0,36.42,450.0,0.0,776.47,882.0
80.98,3.22,23.27,1.53,1670.95,231.06,1902.0,18669.61,1701.15,0.3062,0.0,0.0,3.48,2.105,1.0,281.5,376.5,36.42,450.0,0.0,1237.3,1569.0
80.98,3.22,36.44,1.66,1670.95,388.73,2059.68,16041.44,4171.64,0.4705,0.0,0.0,2.222,1.94,1.0,281.5,398.9,36.42,450.0,0.0,1209.65,1470.0
80.98,3.22,41.38,3.22,1670.95,869.77,2540.72,14352.68,5379.36,0.5508,0.0,0.0,1.957,1.0,1.0,281.5,259.2,36.42,450.0,0.0,1218.53,1464.0
80.98,3.22,49.2,1.7,1670.95,534.6,2205.55,12462.54,7604.66,0.6286,0.0,0.0,1.646,1.894,1.0,281.5,353.3,36.42,405.0,0.0,1113.12,1332.0
80.98,3.22,48.16,2.79,1670.95,868.7,2539.65,12446.54,7286.56,0.6292,0.0,0.0,1.681,1.154,1.0,281.5,226.0,36.42,450.0,0.0,1119.99,1354.0
80.98,3.22,54.26,2.79,1670.95,975.64,2646.59,10376.86,9249.31,0.7045,0.0,0.0,1.492,1.154,1.0,281.5,281.2,36.42,450.0,0.0,1122.64,1319.0
99.36,1.99,22.38,3.07,1254.79,461.31,1716.1,28980.27,1573.51,0.2561,0.0,0.0,4.44,0.648,1.0,304.0,228.9,36.42,400.0,0.0,1542.49,1653.0
99.36,1.99,36.44,1.66,1254.79,388.73,1643.52,26454.72,4171.64,0.3835,0.0,0.0,2.727,1.199,1.0,304.0,398.9,36.42,400.0,0.0,1499.98,1658.0
99.36,1.99,48.16,2.79,1254.79,868.7,2123.5,22859.82,7286.56,0.5128,0.0,0.0,2.063,0.713,1.0,304.0,226.0,36.42,400.0,0.0,1410.32,1625.0
99.36,1.99,74.7,1.6,1254.79,759.01,2013.8,12725.71,17530.37,0.7679,0.0,0.0,1.33,1.244,1.0,304.0,314.5,36.42,400.0,0.0,1083.63,1142.0
172.5,5.5,106.2,3.3,6056.21,2236.22,8292.42,55813.54,35432.26,0.6348,0.0,0.0,1.624,1.667,1.0,618.0,356.0,38.83,1068.0,0.0,4538.83,7242.0
172.5,5.5,106.2,3.3,6056.21,2236.22,8292.42,55813.54,35432.26,0.6348,0.0,0.0,1.624,1.667,1.0,618.0,356.0,38.83,1068.0,0.0,4538.83,7159.0
172.5,5.5,80.7,3.3,6056.21,1707.49,7763.69,71314.94,20459.59,0.487,0.0,0.0,2.138,1.667,1.0,618.0,356.0,38.83,1068.0,0.0,4350.6,8516.0
51.3,5.85,27.63,2.52,1993.13,457.43,2450.56,5411.92,2398.34,0.5877,0.0,0.0,1.857,2.321,1.0,455.0,396.0,36.2,342.9,0.0,1283.93,1422.0
51.3,5.85,24.38,5.77,1993.13,988.46,2981.59,5411.92,1867.31,0.5877,0.0,0.0,2.104,1.014,1.0,455.0,310.0,36.2,342.9,0.0,1409.21,1574.0
54.42,2.73,27.63,2.52,956.89,457.43,1414.32,6448.16,2398.34,0.554,0.0,0.0,1.97,1.083,1.0,285.0,396.0,36.2,342.9,0.0,687.28,735.0
54.42,2.73,24.38,5.77,956.89,988.46,1945.35,6448.16,1867.31,0.554,0.0,0.0,2.232,0.473,1.0,285.0,310.0,36.2,342.9,0.0,812.56,913.0
51.3,5.85,27.63,2.52,1993.13,457.43,2450.56,5411.92,2398.34,0.5877,0.0,0.0,1.857,2.321,1.0,455.0,396.0,60.6,342.9,0.0,1415.98,1506.0
51.3,5.85,24.38,5.77,1993.13,988.46,2981.59,5411.92,1867.31,0.5877,0.0,0.0,2.104,1.014,1.0,455.0,310.0,60.6,342.9,0.0,1541.26,1666.0
54.42,2.73,27.63,2.52,956.89,457.43,1414.32,6448.16,2398.34,0.554,0.0,0.0,1.97,1.083,1.0,285.0,396.0,60.6,342.9,0.0,844.61,899.0
54.42,2.73,24.38,5.77,956.89,988.46,1945.35,6448.16,1867.31,0.554,0.0,0.0,2.232,0.473,1.0,285.0,310.0,60.6,342.9,0.0,969.9,1088.0
67.18,2.92,6.96,4.09,1259.33,231.41,1490.74,13794.89,152.18,0.1645,0.0,0.0,9.652,0.714,1.0,300.0,794.0,40.5,350.0,0.0,1120.23,1410.0
67.19,2.91,6.95,4.1,1255.11,231.85,1486.96,13799.11,151.75,0.1645,0.0,0.0,9.668,0.71,1.0,300.0,794.0,79.9,350.0,0.0,1663.17,1845.0
67.21,2.89,6.97,4.08,1246.67,230.97,1477.64,13807.56,152.62,0.1644,0.0,0.0,9.643,0.708,1.0,300.0,794.0,115.6,350.0,0.0,2153.55,2321.0
67.26,2.89,10.52,5.48,1247.57,456.57,1704.14,13408.03,347.68,0.2379,0.0,0.0,6.394,0.527,1.0,300.0,619.0,40.5,350.0,0.0,1199.91,1423.0
67.18,2.92,10.68,5.27,1259.33,440.89,1700.22,13379.26,358.34,0.2374,0.0,0.0,6.29,0.554,1.0,300.0,619.0,79.9,350.0,0.0,1719.71,2012.0
67.14,2.91,10.59,5.36,1254.2,446.91,1701.1,13362.38,352.32,0.2376,0.0,0.0,6.34,0.543,1.0,300.0,619.0,115.6,350.0,0.0,2197.58,2537.0
67.14,2.91,11.42,7.63,1254.2,730.38,1984.57,13021.52,409.72,0.2837,0.0,0.0,5.879,0.381,1.0,300.0,433.0,40.5,350.0,0.0,1219.88,1626.0
67.15,2.9,11.49,7.51,1249.98,719.36,1969.34,13031.71,414.75,0.2829,0.0,0.0,5.844,0.386,1.0,300.0,433.0,79.9,350.0,0.0,1727.71,2083.0
67.2,2.9,11.56,7.39,1250.89,708.33,1959.22,13058.78,419.82,0.282,0.0,0.0,5.813,0.392,1.0,300.0,433.0,115.6,350.0,0.0,2191.57,2500.0
67.2,2.9,16.93,10.62,1250.89,1484.02,2734.91,11802.45,900.46,0.41,0.0,0.0,3.969,0.273,1.0,300.0,739.0,40.5,350.0,0.0,1949.96,2543.0
67.15,2.9,16.84,10.76,1249.98,1502.23,2752.21,11772.69,890.91,0.411,0.0,0.0,3.988,0.27,1.0,300.0,739.0,79.9,350.0,0.0,2425.78,2775.0
67.18,2.87,40.61,3.89,1237.32,1040.11,2277.43,7957.35,5181.03,0.6624,0.0,0.0,1.654,0.738,1.0,300.0,1029.0,40.5,350.0,0.0,1763.74,2025.0
67.19,2.86,40.64,3.91,1233.1,1046.44,2279.54,7947.58,5188.68,0.663,0.0,0.0,1.653,0.731,1.0,300.0,1029.0,79.9,350.0,0.0,2081.73,2107.0
67.22,2.88,40.64,3.91,1242.44,1046.44,2288.88,7960.25,5188.68,0.6627,0.0,0.0,1.654,0.737,1.0,300.0,1029.0,115.6,350.0,0.0,2369.73,2195.0
79.71,2.94,6.86,4.14,1499.6,232.29,1731.89,19580.55,147.84,0.138,0.0,0.0,11.62,0.71,1.0,300.0,794.0,40.5,413.0,0.0,1427.33,1750.0
79.66,2.94,6.96,4.09,1498.68,231.41,1730.09,19552.06,152.18,0.1387,0.0,0.0,11.445,0.719,1.0,300.0,794.0,79.9,413.0,0.0,2195.55,2413.0
79.71,2.94,7.01,4.04,1499.6,229.22,1728.82,19577.09,154.38,0.1386,0.0,0.0,11.371,0.728,1.0,300.0,794.0,115.6,413.0,0.0,2894.99,2911.0
79.72,2.93,10.6,5.35,1494.59,446.24,1940.83,19166.47,352.99,0.2001,0.0,0.0,7.521,0.548,1.0,276.0,619.0,40.5,413.0,0.0,1464.97,1943.0
79.71,2.94,10.56,5.39,1499.6,448.9,1948.5,19161.46,350.33,0.2001,0.0,0.0,7.548,0.545,1.0,276.0,619.0,40.5,413.0,0.0,1467.8,1891.0
79.71,2.94,10.65,5.25,1499.6,437.9,1937.5,19166.46,356.33,0.1995,0.0,0.0,7.485,0.56,1.0,276.0,619.0,79.9,413.0,0.0,2216.35,2550.0
79.83,2.92,40.58,3.92,1491.42,1047.76,2539.18,13799.69,5173.37,0.5574,0.0,0.0,1.967,0.745,1.0,276.0,1029.0,40.5,413.0,0.0,2048.67,2375.0
79.79,2.91,40.64,3.91,1485.49,1046.44,2531.93,13765.65,5188.68,0.5583,0.0,0.0,1.963,0.744,1.0,276.0,1029.0,79.9,413.0,0.0,2586.66,2580.0
79.68,2.92,40.57,3.88,1488.67,1036.34,2525.01,13738.5,5170.83,0.5579,0.0,0.0,1.964,0.753,1.0,276.0,1029.0,115.6,413.0,0.0,3065.44,2671.0
78.92,3.68,18.06,3.19,1867.34,393.95,2261.29,18148.36,1024.67,0.2693,0.0,0.0,4.37,1.154,1.0,357.7,409.8,53.7,570.0,0.0,1803.94,2060.0
78.76,3.69,18.15,3.2,1868.82,397.1,2265.92,18055.72,1034.91,0.2711,0.0,0.0,4.339,1.153,1.0,357.7,409.8,53.7,570.0,0.0,1800.78,2003.0
78.82,3.68,18.09,3.21,1865.03,397.23,2262.26,18092.13,1028.08,0.2702,0.0,0.0,4.357,1.146,1.0,357.7,409.8,90.7,570.0,0.0,2470.84,2423.0
78.85,3.7,18.16,3.19,1876.1,395.96,2272.05,18100.29,1036.05,0.2708,0.0,0.0,4.342,1.16,1.0,357.7,409.8,90.7,570.0,0.0,2475.02,2446.0
78.71,3.69,18.1,3.2,1867.66,396.09,2263.76,18037.69,1029.22,0.2706,0.0,0.0,4.349,1.153,1.0,357.7,409.8,141.0,570.0,0.0,3373.68,3068.0
78.76,3.69,18.05,3.2,1868.82,395.09,2263.91,18069.11,1023.54,0.2698,0.0,0.0,4.363,1.153,1.0,357.7,409.8,141.0,570.0,0.0,3378.11,3110.0
78.8,3.7,35.2,2.8,1874.93,643.9,2518.83,14971.07,3892.56,0.4822,0.0,0.0,2.239,1.321,1.0,357.7,385.6,53.7,570.0,0.0,1722.85,1831.0
78.8,3.7,35.31,2.79,1874.93,643.44,2518.38,14947.16,3916.93,0.4835,0.0,0.0,2.232,1.326,1.0,357.7,385.6,53.7,570.0,0.0,1721.39,1876.0
78.88,3.67,35.24,2.81,1861.23,646.99,2508.23,14998.75,3901.41,0.4824,0.0,0.0,2.238,1.306,1.0,357.7,385.6,90.7,570.0,0.0,2275.58,2174.0
78.91,3.69,35.4,2.8,1872.3,647.42,2519.72,14977.69,3936.92,0.4841,0.0,0.0,2.229,1.318,1.0,357.7,385.6,90.7,570.0,0.0,2277.79,2202.0
78.72,3.68,35.35,2.8,1862.72,646.54,2509.26,14895.6,3925.8,0.4846,0.0,0.0,2.227,1.314,1.0,357.7,385.6,141.0,570.0,0.0,3015.83,2732.0
78.64,3.71,35.27,2.78,1876.39,640.35,2516.74,14879.99,3908.06,0.4839,0.0,0.0,2.23,1.335,1.0,357.7,385.6,141.0,570.0,0.0,3016.13,2736.0
76.69,5.96,35.26,2.79,2983.46,642.57,3626.03,13928.42,3905.84,0.4962,0.0,0.0,2.175,2.136,1.0,347.0,385.6,53.7,570.0,0.0,2031.02,2183.0
76.51,5.99,35.29,2.81,2992.27,647.88,3640.15,13829.83,3912.49,0.498,0.0,0.0,2.168,2.132,1.0,347.0,385.6,53.7,570.0,0.0,2030.83,2203.0
76.44,6.01,35.15,2.8,3000.0,643.02,3643.02,13832.03,3881.51,0.4965,0.0,0.0,2.175,2.146,1.0,347.0,385.6,90.7,570.0,0.0,2543.54,2666.0
76.4,6.0,35.1,2.8,2993.31,642.14,3635.45,13824.74,3870.47,0.4961,0.0,0.0,2.177,2.143,1.0,347.0,385.6,90.7,570.0,0.0,2540.22,2631.0
76.44,6.01,35.19,2.81,3000.0,646.11,3646.11,13820.1,3890.35,0.4971,0.0,0.0,2.172,2.139,1.0,347.0,385.6,141.0,570.0,0.0,3238.8,3110.0
76.4,6.0,35.27,2.78,2993.31,640.35,3633.66,13788.94,3908.06,0.498,0.0,0.0,2.166,2.158,1.0,347.0,385.6,141.0,570.0,0.0,3229.87,3032.0
76.65,5.95,35.26,2.79,2976.78,642.57,3619.34,13909.15,3905.84,0.4964,0.0,0.0,2.174,2.133,1.0,428.6,385.6,53.7,570.0,0.0,2270.51,2645.0
76.54,5.96,35.21,2.79,2977.85,641.69,3619.54,13868.16,3894.77,0.4965,0.0,0.0,2.174,2.136,1.0,428.6,385.6,53.7,570.0,0.0,2268.43,2601.0
76.51,5.99,35.1,2.8,2992.27,642.14,3634.41,13877.58,3870.47,0.4954,0.0,0.0,2.18,2.139,1.0,428.6,385.6,90.7,570.0,0.0,2788.76,2971.0
76.49,6.01,35.17,2.78,3001.89,638.6,3640.49,13856.05,3885.93,0.4961,0.0,0.0,2.175,2.162,1.0,428.6,385.6,90.7,570.0,0.0,2789.57,2911.0
76.61,5.94,35.15,2.8,2970.09,643.02,3613.12,13913.77,3881.51,0.4954,0.0,0.0,2.18,2.121,1.0,428.6,385.6,141.0,570.0,0.0,3482.74,3322.0
76.43,6.02,35.25,2.8,3004.8,644.78,3649.58,13803.35,3903.63,0.4978,0.0,0.0,2.168,2.15,1.0,428.6,385.6,141.0,570.0,0.0,3482.72,3304.0
90.15,5.15,13.92,3.08,3000.43,299.19,3299.62,24623.87,608.74,0.1886,0.0,0.0,6.476,1.672,1.0,346.9,348.2,37.5,571.8,0.0,2068.42,2718.0
90.12,5.13,13.85,3.1,2987.49,299.96,3287.45,24612.22,602.63,0.1881,0.0,0.0,6.507,1.655,1.0,346.9,348.2,37.5,571.5,0.0,2063.76,2724.0
90.1,5.15,26.48,3.32,2998.82,587.01,3585.82,22713.62,2202.85,0.3307,0.0,0.0,3.403,1.551,1.0,346.9,342.1,37.5,571.5,0.0,2092.86,2718.0
89.06,5.04,26.27,3.28,2900.09,575.19,3475.28,22174.87,2168.05,0.3318,0.0,0.0,3.39,1.537,1.0,346.9,342.1,37.5,564.6,0.0,2034.37,2482.0
90.24,5.11,46.77,4.03,2979.38,1235.3,4214.67,17475.48,6872.02,0.5629,0.0,0.0,1.929,1.268,1.0,346.9,345.8,37.5,572.1,0.0,2116.04,2626.0
89.52,5.08,46.55,4.05,2938.42,1236.08,4174.51,17132.58,6807.52,0.5652,0.0,0.0,1.923,1.254,1.0,346.9,345.8,37.5,567.6,0.0,2089.25,2462.0
89.36,5.09,13.76,3.09,2939.25,297.15,3236.4,24194.31,594.82,0.1886,0.0,0.0,6.494,1.647,1.0,464.0,348.2,37.5,566.7,0.0,2374.57,3182.0
89.33,5.12,13.69,3.06,2956.09,292.63,3248.72,24188.02,588.79,0.1875,0.0,0.0,6.525,1.673,1.0,464.0,348.2,37.5,566.7,0.0,2380.57,3232.0
90.35,5.15,26.39,3.31,3006.9,583.26,3590.17,22874.04,2187.91,0.3287,0.0,0.0,3.424,1.556,1.0,464.0,342.1,37.5,573.0,0.0,2452.51,3286.0
89.94,5.11,26.26,3.29,2969.74,576.84,3546.59,22669.74,2166.4,0.3286,0.0,0.0,3.425,1.553,1.0,464.0,342.1,37.5,570.3,0.0,2425.41,3242.0
90.2,5.15,46.45,4.1,3002.05,1249.41,4251.46,17532.4,6778.31,0.5604,0.0,0.0,1.942,1.256,1.0,464.0,345.8,37.5,572.1,0.0,2482.46,3082.0
90.26,5.09,46.38,4.07,2968.04,1238.1,4206.13,17598.15,6757.89,0.5589,0.0,0.0,1.946,1.251,1.0,464.0,345.8,37.5,572.1,0.0,2465.23,3192.0
90.05,5.15,26.62,3.33,2997.2,591.81,3589.0,22657.17,2226.21,0.3326,0.0,0.0,3.383,1.547,1.0,346.9,342.1,29.0,571.2,0.0,1899.24,2460.0
89.89,5.11,26.24,3.31,2968.14,580.14,3548.28,22641.49,2163.1,0.3287,0.0,0.0,3.426,1.544,1.0,346.9,342.1,29.0,570.0,0.0,1884.72,2494.0
89.45,5.1,26.35,3.35,2948.07,589.89,3537.96,22365.67,2181.28,0.332,0.0,0.0,3.395,1.522,1.0,346.9,342.1,37.5,567.3,0.0,2063.2,2623.0
89.98,5.07,26.5,3.35,2947.13,593.05,3540.18,22636.36,2206.18,0.3317,0.0,0.0,3.395,1.513,1.0,346.9,342.1,37.5,570.3,0.0,2074.11,2588.0
89.83,5.12,26.14,3.31,2972.18,578.06,3550.24,22626.15,2146.65,0.3278,0.0,0.0,3.436,1.547,1.0,346.9,342.1,51.0,569.7,0.0,2382.74,2950.0
89.22,5.08,26.12,3.33,2928.85,581.35,3510.19,22283.02,2143.37,0.3301,0.0,0.0,3.416,1.526,1.0,346.9,342.1,51.0,565.8,0.0,2351.33,3026.0
90.89,4.26,26.34,3.36,2489.81,591.54,3081.35,23181.5,2179.62,0.3268,0.0,0.0,3.451,1.268,1.0,336.8,342.1,37.5,570.9,0.0,1910.24,2376.0
90.84,4.21,26.35,3.3,2458.6,580.57,3039.17,23162.28,2181.28,0.3264,0.0,0.0,3.447,1.276,1.0,336.8,342.1,37.5,570.3,0.0,1895.25,2406.0
89.73,5.12,26.43,3.32,2968.96,585.96,3554.92,22513.94,2194.54,0.3316,0.0,0.0,3.395,1.542,1.0,346.9,342.1,37.5,569.1,0.0,2074.66,2611.0
89.32,5.08,26.44,3.31,2932.04,584.3,3516.34,22283.32,2196.2,0.3331,0.0,0.0,3.378,1.535,1.0,346.9,342.1,37.5,566.4,0.0,2052.64,2579.0
87.78,6.77,26.51,3.34,3877.9,591.38,4469.28,21407.77,2207.85,0.3401,0.0,0.0,3.311,2.027,1.0,327.3,342.1,37.5,567.3,0.0,2274.34,2894.0
87.57,6.73,26.57,3.33,3845.26,590.76,4436.02,21282.7,2217.85,0.3414,0.0,0.0,3.296,2.021,1.0,327.3,342.1,37.5,565.8,0.0,2258.76,2928.0
55.12,1.88,21.48,2.52,662.2,360.06,1022.26,7735.27,1449.5,0.4354,4.0,0.0,2.566,0.746,1.0,322.0,276.0,47.01,800.0,0.005,676.24,632.0
55.12,1.88,21.48,2.52,662.2,360.06,1022.26,7735.27,1449.5,0.4354,4.0,0.0,2.566,0.746,1.0,322.0,276.0,47.01,800.0,0.005,676.24,686.0
55.12,1.88,35.99,2.01,662.2,467.22,1129.42,5008.37,4069.24,0.6894,14.0,0.0,1.532,0.935,1.0,322.0,275.0,47.01,800.0,0.0175,577.16,418.0
55.12,1.88,35.99,2.01,662.2,467.22,1129.42,5008.37,4069.24,0.6894,14.0,0.0,1.532,0.935,1.0,322.0,275.0,47.01,800.0,0.0175,577.16,424.0
55.12,1.88,21.48,2.52,662.2,360.06,1022.26,7735.27,1449.5,0.4354,4.0,0.0,2.566,0.746,1.0,322.0,276.0,47.01,1300.0,0.003076923,676.24,534.0
55.12,1.88,21.48,2.52,662.2,360.06,1022.26,7735.27,1449.5,0.4354,4.0,0.0,2.566,0.746,1.0,322.0,276.0,47.01,1300.0,0.003076923,676.24,553.0
55.12,1.88,35.99,2.01,662.2,467.22,1129.42,5008.37,4069.24,0.6894,14.0,0.0,1.532,0.935,1.0,322.0,275.0,47.01,1300.0,0.010769231,577.16,354.0
55.12,1.88,35.99,2.01,662.2,467.22,1129.42,5008.37,4069.24,0.6894,14.0,0.0,1.532,0.935,1.0,322.0,275.0,47.01,1300.0,0.010769231,577.16,381.0
55.12,1.88,21.48,2.52,662.2,360.06,1022.26,7735.27,1449.5,0.4354,4.0,0.0,2.566,0.746,1.0,322.0,276.0,47.01,1800.0,0.002222222,676.24,415.0
55.12,1.88,21.48,2.52,662.2,360.06,1022.26,7735.27,1449.5,0.4354,4.0,0.0,2.566,0.746,1.0,322.0,276.0,47.01,1800.0,0.002222222,676.24,490.0
55.12,1.88,35.99,2.01,662.2,467.22,1129.42,5008.37,4069.24,0.6894,14.0,0.0,1.532,0.935,1.0,322.0,275.0,47.01,1800.0,0.007777778,577.16,306.0
55.12,1.88,35.99,2.01,662.2,467.22,1129.42,5008.37,4069.24,0.6894,14.0,0.0,1.532,0.935,1.0,322.0,275.0,47.01,1800.0,0.007777778,577.16,274.0
144.0,6.0,63.5,4.0,5541.77,1646.19,7187.96,50830.18,12667.69,0.4688,0.0,0.0,2.268,1.5,1.0,763.0,748.0,102.56,1500.0,0.0,10672.87,10897.0
144.0,6.0,46.0,4.0,5541.77,1206.37,6748.14,57290.08,6647.61,0.3472,0.0,0.0,3.13,1.5,1.0,763.0,748.0,102.83,1500.0,0.0,11021.88,12015.0
119.0,6.0,46.0,4.0,4599.29,1206.37,5805.66,36634.11,6647.61,0.4202,0.0,0.0,2.587,1.5,1.0,763.0,748.0,102.83,1500.0,0.0,8178.71,8748.0
144.0,6.0,63.5,4.0,5541.77,1646.19,7187.96,50830.18,12667.69,0.4688,0.0,0.0,2.268,1.5,1.0,763.0,748.0,102.83,1500.0,0.0,10686.59,11179.0
144.0,6.0,46.0,4.0,5541.77,1206.37,6748.14,57290.08,6647.61,0.3472,0.0,0.0,3.13,1.5,1.0,763.0,748.0,102.56,1500.0,0.0,11006.41,11867.0
119.0,6.0,46.0,4.0,4599.29,1206.37,5805.66,36634.11,6647.61,0.4202,0.0,0.0,2.587,1.5,1.0,763.0,748.0,102.56,1500.0,0.0,8168.82,8628.0
265.24,3.76,203.37,5.63,6310.65,7293.66,13604.31,83790.23,129934.25,0.788,0.0,0.0,1.304,0.668,1.0,253.8,296.3,45.98,1500.0,0.0,7615.47,8949.7
265.24,3.76,218.87,5.63,6310.65,7841.96,14152.61,62681.08,150495.1,0.8464,0.0,0.0,1.212,0.668,1.0,253.8,296.3,45.98,1500.0,0.0,6807.32,7924.7
265.24,3.76,232.87,5.63,6310.65,8337.2,14647.85,42317.28,170363.66,0.8992,0.0,0.0,1.139,0.668,1.0,253.8,296.3,45.98,1500.0,0.0,6017.72,6036.7
265.24,3.76,203.37,5.63,6310.65,7293.66,13604.31,83790.23,129934.25,0.788,0.0,0.0,1.304,0.668,1.0,253.8,296.3,24.44,1500.0,0.0,5810.59,7896.6
265.24,3.76,218.87,5.63,6310.65,7841.96,14152.61,62681.08,150495.1,0.8464,0.0,0.0,1.212,0.668,1.0,253.8,296.3,24.44,1500.0,0.0,5457.14,6735.2
265.24,3.76,232.87,5.63,6310.65,8337.2,14647.85,42317.28,170363.66,0.8992,0.0,0.0,1.139,0.668,1.0,253.8,296.3,24.44,1500.0,0.0,5106.19,5966.8
263.37,5.63,204.37,5.63,9416.12,7329.03,16745.15,79368.43,131215.2,0.7974,0.0,0.0,1.289,1.0,1.0,296.3,296.3,24.44,1500.0,0.0,6901.35,8864.0
263.37,5.63,218.37,5.63,9416.12,7824.27,17240.39,60280.12,149808.28,0.8505,0.0,0.0,1.206,1.0,1.0,296.3,296.3,24.44,1500.0,0.0,6581.57,8068.0
263.37,5.63,230.87,5.63,9416.12,8266.45,17682.57,42196.32,167449.89,0.898,0.0,0.0,1.141,1.0,1.0,296.3,296.3,24.44,1500.0,0.0,6270.62,6774.0
79.72,2.78,41.82,2.68,1416.77,726.77,2143.54,13744.56,5494.37,0.5582,0.0,0.0,1.906,1.037,1.0,200.0,193.3,109.42,495.0,0.0,1927.82,2040.0
79.72,2.78,54.24,2.76,1416.77,964.54,2381.31,9758.66,9242.5,0.715,0.0,0.0,1.47,1.007,1.0,200.0,193.3,100.51,495.0,0.0,1450.64,1900.0
79.72,2.78,67.0,3.0,1416.77,1291.19,2707.96,4571.89,14102.61,0.8781,0.0,0.0,1.19,0.927,1.0,200.0,208.3,103.11,495.0,0.0,1023.74,1320.0
107.05,2.45,54.24,2.76,1666.76,964.54,2631.3,25794.68,9242.5,0.5325,0.0,0.0,1.974,0.888,1.0,225.0,193.3,97.01,657.0,0.0,3063.94,3414.0
107.05,2.45,67.0,3.0,1666.76,1291.19,2957.96,20607.91,14102.61,0.6539,0.0,0.0,1.598,0.817,1.0,225.0,208.3,103.29,657.0,0.0,2772.66,2852.0
107.05,2.45,79.72,2.78,1666.76,1416.77,3083.53,14619.25,19965.7,0.7707,0.0,0.0,1.343,0.881,1.0,225.0,200.0,93.98,657.0,0.0,2032.24,2150.0
133.83,2.67,67.0,3.0,2267.54,1291.19,3558.74,40873.59,14102.61,0.5231,0.0,0.0,1.997,0.89,1.0,235.0,208.3,82.17,819.0,0.0,4160.34,4845.0
133.83,2.67,79.72,2.78,2267.54,1416.77,3684.31,34884.93,19965.7,0.6165,0.0,0.0,1.679,0.96,1.0,235.0,200.0,82.17,819.0,0.0,3682.66,4150.0
78.9,3.7,18.15,3.2,1877.26,397.1,2274.36,18125.07,1034.91,0.2706,0.0,0.0,4.347,1.156,1.0,357.7,409.8,53.7,570.0,0.0,1807.54,1898.0
78.9,3.7,18.15,3.2,1877.26,397.1,2274.36,18125.07,1034.91,0.2706,0.0,0.0,4.347,1.156,1.0,357.7,409.8,90.7,570.0,0.0,2478.17,2512.0
78.9,3.7,18.15,3.2,1877.26,397.1,2274.36,18125.07,1034.91,0.2706,0.0,0.0,4.347,1.156,1.0,357.7,409.8,141.0,570.0,0.0,3389.86,3412.0
78.9,3.7,35.35,2.8,1877.26,646.54,2523.8,14984.73,3925.8,0.4835,0.0,0.0,2.232,1.321,1.0,357.7,385.6,53.7,570.0,0.0,1725.48,1839.0
78.9,3.7,35.35,2.8,1877.26,646.54,2523.8,14984.73,3925.8,0.4835,0.0,0.0,2.232,1.321,1.0,357.7,385.6,90.7,570.0,0.0,2279.92,2400.0
78.9,3.7,35.35,2.8,1877.26,646.54,2523.8,14984.73,3925.8,0.4835,0.0,0.0,2.232,1.321,1.0,357.7,385.6,141.0,570.0,0.0,3033.65,2885.0
76.6,6.0,35.35,2.8,3000.85,646.54,3647.39,13861.14,3925.8,0.498,0.0,0.0,2.167,2.143,1.0,347.0,385.6,53.7,570.0,0.0,2034.94,2045.0
76.6,6.0,35.35,2.8,3000.85,646.54,3647.39,13861.14,3925.8,0.498,0.0,0.0,2.167,2.143,1.0,347.0,385.6,90.7,570.0,0.0,2547.81,2920.0
76.6,6.0,35.35,2.8,3000.85,646.54,3647.39,13861.14,3925.8,0.498,0.0,0.0,2.167,2.143,1.0,347.0,385.6,141.0,570.0,0.0,3245.02,3389.0
78.9,3.7,35.35,2.8,1877.26,646.54,2523.8,14984.73,3925.8,0.4835,0.0,0.0,2.232,1.321,1.0,357.7,385.6,53.7,570.0,0.0,1725.48,2634.0
76.6,6.0,35.35,2.8,3000.85,646.54,3647.39,13861.14,3925.8,0.498,0.0,0.0,2.167,2.143,1.0,428.6,385.6,90.7,570.0,0.0,2792.68,3212.0
76.6,6.0,35.35,2.8,3000.85,646.54,3647.39,13861.14,3925.8,0.498,0.0,0.0,2.167,2.143,1.0,428.6,385.6,141.0,570.0,0.0,3489.89,3566.0
67.0,3.0,19.0,5.0,1291.19,675.44,1966.64,12293.05,1134.11,0.3582,0.0,0.0,3.526,0.6,1.0,285.0,290.0,37.82,500.0,0.0,1028.75,1232.4
67.0,3.0,24.0,5.0,1291.19,832.52,2123.72,11460.53,1809.56,0.4328,0.0,0.0,2.792,0.6,1.0,285.0,290.0,37.82,500.0,0.0,1042.82,1223.7
65.0,5.0,31.0,3.0,2120.58,612.61,2733.19,9641.55,3019.07,0.5231,0.0,0.0,2.097,1.667,1.0,290.0,285.0,37.82,500.0,0.0,1154.17,1347.0
65.0,5.0,36.0,3.0,2120.58,706.86,2827.43,8494.87,4071.5,0.6,0.0,0.0,1.806,1.667,1.0,290.0,285.0,37.82,500.0,0.0,1137.67,1334.3
87.0,3.0,19.0,5.0,1668.19,675.44,2343.63,21969.16,1134.11,0.2759,0.0,0.0,4.579,0.6,1.0,300.0,320.0,37.82,500.0,0.0,1547.39,1852.2
87.0,3.0,24.0,5.0,1668.19,832.52,2500.71,21136.64,1809.56,0.3333,0.0,0.0,3.625,0.6,1.0,300.0,320.0,37.82,500.0,0.0,1566.17,1841.4
85.0,5.0,31.0,3.0,2748.89,612.61,3361.5,19066.33,3019.07,0.4,0.0,0.0,2.742,1.667,1.0,320.0,300.0,37.82,500.0,0.0,1784.45,2057.5
85.0,5.0,36.0,3.0,2748.89,706.86,3455.75,17919.64,4071.5,0.4588,0.0,0.0,2.361,1.667,1.0,320.0,300.0,37.82,500.0,0.0,1769.36,2043.3
97.5,4.0,34.0,4.0,2500.71,904.78,3405.49,25328.31,3631.68,0.3897,0.0,0.0,2.868,1.0,1.0,711.2,450.0,92.48,600.0,0.0,4528.11,5572.1
97.5,4.0,53.0,4.0,2500.71,1382.3,3883.01,19657.73,8824.73,0.5846,0.0,0.0,1.84,1.0,1.0,711.2,378.0,102.92,600.0,0.0,4324.19,4751.4
95.5,6.0,53.0,4.0,3713.36,1382.3,5095.66,18445.08,8824.73,0.5969,0.0,0.0,1.802,1.5,1.0,770.5,378.0,102.71,600.0,0.0,5278.08,6081.5
144.0,6.0,97.5,4.0,5541.77,2500.71,8042.48,32778.59,29864.77,0.7049,0.0,0.0,1.477,1.5,1.0,770.5,711.2,102.71,900.0,0.0,9415.0,9783.8
144.0,6.0,97.5,4.0,5541.77,2500.71,8042.48,32778.59,29864.77,0.7049,0.0,0.0,1.477,1.5,1.0,770.5,711.2,92.48,900.0,0.0,9079.92,9438.3
60.5,3.0,22.1,1.9,1168.67,275.17,1443.84,9689.46,1534.39,0.3967,0.0,0.0,2.738,1.579,1.0,319.7,326.7,35.8,1250.0,0.0,810.38,840.0
60.5,3.0,27.64,2.36,1168.67,427.35,1596.02,8671.58,2400.08,0.4959,0.0,0.0,2.189,1.271,1.0,319.7,336.2,35.8,1250.0,0.0,827.72,956.0
60.5,3.0,22.1,1.9,1168.67,275.17,1443.84,9689.46,1534.39,0.3967,0.0,0.0,2.738,1.579,1.0,319.7,326.7,35.8,1600.0,0.0,810.38,760.0
60.5,3.0,27.64,2.36,1168.67,427.35,1596.02,8671.58,2400.08,0.4959,0.0,0.0,2.189,1.271,1.0,319.7,336.2,35.8,1600.0,0.0,827.72,820.0
67.0,3.0,22.1,1.9,1291.19,275.17,1566.37,12293.05,1534.39,0.3582,0.0,0.0,3.032,1.579,1.0,329.3,326.7,35.8,1600.0,0.0,955.15,1042.0
66.0,4.0,35.08,2.92,1709.03,670.4,2379.42,9148.32,3866.06,0.5758,0.0,0.0,1.881,1.37,1.0,309.5,311.9,35.8,1600.0,0.0,1065.53,1120.0
66.0,4.0,34.25,3.75,1709.03,851.18,2560.2,9148.32,3685.28,0.5758,0.0,0.0,1.927,1.067,1.0,309.5,340.1,35.8,1600.0,0.0,1145.92,1120.0
88.0,2.0,15.6,2.0,1118.41,208.6,1327.01,23355.35,764.54,0.2,0.0,0.0,5.641,1.0,1.0,268.26,268.26,39.11,480.0,0.0,1269.32,1402.39
88.0,2.0,24.4,2.0,1118.41,319.19,1437.59,22138.93,1870.38,0.3,0.0,0.0,3.607,1.0,1.0,268.26,268.26,39.11,480.0,0.0,1251.41,1308.25
88.0,2.0,33.2,2.0,1118.41,429.77,1548.18,20435.93,3462.79,0.4,0.0,0.0,2.651,1.0,1.0,268.26,268.26,39.11,480.0,0.0,1214.48,1252.05
88.0,2.0,42.0,2.0,1118.41,540.35,1658.76,18246.37,5541.77,0.5,0.0,0.0,2.095,1.0,1.0,268.26,268.26,39.11,480.0,0.0,1158.52,1157.3
88.0,2.0,50.8,2.0,1118.41,650.94,1769.34,15570.24,8107.32,0.6,0.0,0.0,1.732,1.0,1.0,268.26,268.26,39.11,480.0,0.0,1083.53,1116.62
88.0,2.0,59.6,2.0,1118.41,761.52,1879.93,12407.53,11159.44,0.7,0.0,0.0,1.477,1.0,1.0,268.26,268.26,39.11,480.0,0.0,989.52,1037.3
88.0,2.0,68.4,2.0,1118.41,872.11,1990.51,8758.26,14698.13,0.8,0.0,0.0,1.287,1.0,1.0,268.26,268.26,39.11,480.0,0.0,876.48,986.09
87.0,3.0,24.1,2.0,1668.19,315.42,1983.6,21638.63,1824.67,0.3,0.0,0.0,3.61,1.5,1.0,336.54,336.54,39.11,480.0,0.0,1513.76,1620.26
87.0,3.0,23.1,3.0,1668.19,463.7,2131.88,21638.63,1676.39,0.3,0.0,0.0,3.766,1.0,1.0,336.54,336.54,39.11,480.0,0.0,1563.66,1681.03
87.0,3.0,22.1,4.0,1668.19,605.7,2273.88,21638.63,1534.39,0.3,0.0,0.0,3.937,0.75,1.0,336.54,336.54,39.11,480.0,0.0,1611.45,1734.09
87.0,3.0,21.1,5.0,1668.19,741.42,2409.6,21638.63,1398.67,0.3,0.0,0.0,4.123,0.6,1.0,336.54,336.54,39.11,480.0,0.0,1657.13,1792.03
87.0,3.0,20.1,6.0,1668.19,870.85,2539.04,21638.63,1269.23,0.3,0.0,0.0,4.328,0.5,1.0,336.54,336.54,39.11,480.0,0.0,1700.69,1844.08
87.0,3.0,18.1,8.0,1668.19,1110.87,2779.05,21638.63,1029.22,0.3,0.0,0.0,4.807,0.375,1.0,336.54,336.54,39.11,480.0,0.0,1781.46,1957.58
87.0,3.0,16.1,10.0,1668.19,1325.75,2993.94,21638.63,814.33,0.3,0.0,0.0,5.404,0.3,1.0,336.54,336.54,39.11,480.0,0.0,1853.78,2068.39
87.0,3.0,31.8,3.0,1668.19,627.69,2295.88,19974.12,3176.9,0.4,0.0,0.0,2.736,1.0,1.0,336.54,336.54,39.11,400.0,0.0,1553.76,1670.25
87.0,3.0,31.8,3.0,1668.19,627.69,2295.88,19974.12,3176.9,0.4,0.0,0.0,2.736,1.0,1.0,336.54,336.54,39.11,500.0,0.0,1553.76,1657.74
87.0,3.0,31.8,3.0,1668.19,627.69,2295.88,19974.12,3176.9,0.4,0.0,0.0,2.736,1.0,1.0,336.54,336.54,39.11,600.0,0.0,1553.76,1644.03
87.0,3.0,31.8,3.0,1668.19,627.69,2295.88,19974.12,3176.9,0.4,0.0,0.0,2.736,1.0,1.0,336.54,336.54,39.11,700.0,0.0,1553.76,1635.11
87.0,3.0,31.8,3.0,1668.19,627.69,2295.88,19974.12,3176.9,0.4,0.0,0.0,2.736,1.0,1.0,336.54,336.54,39.11,850.0,0.0,1553.76,1624.57
87.0,3.0,31.8,3.0,1668.19,627.69,2295.88,19974.12,3176.9,0.4,0.0,0.0,2.736,1.0,1.0,336.54,336.54,39.11,1000.0,0.0,1553.76,1622.87
87.0,3.0,31.8,3.0,1668.19,627.69,2295.88,19974.12,3176.9,0.4,0.0,0.0,2.736,1.0,1.0,336.54,336.54,39.11,1150.0,0.0,1553.76,1618.74
87.0,3.0,31.8,3.0,1668.19,627.69,2295.88,19974.12,3176.9,0.4,0.0,0.0,2.736,1.0,1.0,336.54,336.54,39.11,1300.0,0.0,1553.76,1609.82
84.0,6.0,14.4,3.0,3279.82,299.71,3579.53,21215.93,651.44,0.2071,0.0,0.0,5.833,2.0,1.0,336.54,336.54,32.88,480.0,0.0,1902.2,1570.48
84.0,6.0,14.4,3.0,3279.82,299.71,3579.53,21215.93,651.44,0.2071,0.0,0.0,5.833,2.0,1.0,336.54,336.54,42.07,480.0,0.0,2097.15,1742.4
84.0,6.0,14.4,3.0,3279.82,299.71,3579.53,21215.93,651.44,0.2071,0.0,0.0,5.833,2.0,1.0,336.54,336.54,51.43,480.0,0.0,2295.81,1931.76
84.0,6.0,14.4,3.0,3279.82,299.71,3579.53,21215.93,651.44,0.2071,0.0,0.0,5.833,2.0,1.0,336.54,336.54,60.94,480.0,0.0,2497.55,2160.93
84.0,6.0,14.4,3.0,3279.82,299.71,3579.53,21215.93,651.44,0.2071,0.0,0.0,5.833,2.0,1.0,336.54,336.54,70.57,480.0,0.0,2701.93,2441.26
84.0,6.0,14.4,3.0,3279.82,299.71,3579.53,21215.93,651.44,0.2071,0.0,0.0,5.833,2.0,1.0,336.54,336.54,80.32,480.0,0.0,2908.63,2637.61
197.0,2.75,164.5,2.5,3427.67,2603.59,6031.27,34306.19,85012.28,0.8477,0.0,0.0,1.198,1.1,1.0,218.7,207.87,31.07,1200.0,0.0,2356.57,2199.0
197.0,2.75,164.5,2.5,3427.67,2603.59,6031.27,34306.19,85012.28,0.8477,0.0,0.0,1.198,1.1,1.0,218.7,207.87,31.07,1200.0,0.0,2356.57,2274.0
197.0,2.75,164.5,2.5,3427.67,2603.59,6031.27,34306.19,85012.28,0.8477,0.0,0.0,1.198,1.1,1.0,218.7,207.87,31.07,1200.0,0.0,2356.57,2452.0
197.0,2.75,164.5,2.5,3427.67,2603.59,6031.27,34306.19,85012.28,0.8477,0.0,0.0,1.198,1.1,1.0,218.7,207.87,31.07,1200.0,0.0,2356.57,2340.0
197.0,2.75,164.5,2.5,3427.67,2603.59,6031.27,34306.19,85012.28,0.8477,0.0,0.0,1.198,1.1,1.0,218.7,207.87,31.07,1200.0,0.0,2356.57,2527.0
49.626,6.905680503,21.25,3.0,2303.08,428.83,2731.91,5889.51,1418.63,0.5514,0.0,0.0,2.335,2.04,1.08,500.0,425.0,70.0,301.0,0.0,1746.06,1677.0
51.984,4.66020596,21.25,3.0,1590.38,428.83,2019.21,6642.33,1418.63,0.5264,0.0,0.0,2.446,1.377,1.08,476.0,400.0,70.0,301.0,0.0,1393.51,1253.0
53.09,3.554394376,21.25,3.0,1225.35,428.83,1654.18,7007.36,1418.63,0.5154,0.0,0.0,2.498,1.05,1.08,491.0,425.0,70.0,301.0,0.0,1274.41,1065.0
54.196,2.392163834,21.25,3.0,832.57,428.83,1261.39,7380.07,1418.63,0.5049,0.0,0.0,2.55,0.707,1.08,468.0,425.0,70.0,301.0,0.0,1088.5,935.0
53.034,3.554394376,21.25,3.0,1224.09,428.83,1652.92,6988.55,1418.63,0.516,0.0,0.0,2.496,1.05,1.08,491.0,400.0,70.0,301.0,0.0,1261.76,1040.0
54.196,2.392163834,21.25,3.0,832.57,428.83,1261.39,7380.07,1418.63,0.5049,0.0,0.0,2.55,0.707,1.08,468.0,400.0,70.0,301.0,0.0,1077.78,870.0
64.318,3.385137501,26.0,3.0,1404.0,518.36,1922.36,10353.92,2123.72,0.5088,4.0,0.0,2.474,1.0,1.05,275.9,374.5,39.11,1070.0,0.003738318,986.39,856.0
64.318,3.385137501,26.0,3.0,1404.0,518.36,1922.36,10353.92,2123.72,0.5088,4.0,0.0,2.474,1.0,1.05,275.9,374.5,39.11,1070.0,0.003738318,986.39,872.0
64.318,3.385137501,26.0,3.0,1404.0,518.36,1922.36,10353.92,2123.72,0.5088,14.0,0.0,2.474,1.0,1.05,275.9,374.5,39.11,1070.0,0.013084112,986.39,667.0
64.318,3.385137501,26.0,3.0,1404.0,518.36,1922.36,10353.92,2123.72,0.5088,14.0,0.0,2.474,1.0,1.05,275.9,374.5,39.11,1070.0,0.013084112,986.39,750.0
64.318,3.385137501,26.0,3.0,1404.0,518.36,1922.36,10353.92,2123.72,0.5088,45.0,0.0,2.474,1.0,1.05,275.9,374.5,39.11,1070.0,0.042056075,986.39,480.0
64.318,3.385137501,26.0,3.0,1404.0,518.36,1922.36,10353.92,2123.72,0.5088,45.0,0.0,2.474,1.0,1.05,275.9,374.5,39.11,1070.0,0.042056075,986.39,486.0
64.318,3.385137501,26.0,3.0,1404.0,518.36,1922.36,10353.92,2123.72,0.5088,0.0,0.0,2.474,1.0,1.05,275.9,374.5,39.11,2136.0,0.0,986.39,920.0
64.318,3.385137501,26.0,3.0,1404.0,518.36,1922.36,10353.92,2123.72,0.5088,0.0,0.0,2.474,1.0,1.05,275.9,374.5,39.11,2136.0,0.0,986.39,868.0
64.318,3.385137501,26.0,3.0,1404.0,518.36,1922.36,10353.92,2123.72,0.5088,15.5,0.0,2.474,1.0,1.05,275.9,374.5,39.11,2136.0,0.007256554,986.39,596.0
64.318,3.385137501,26.0,3.0,1404.0,518.36,1922.36,10353.92,2123.72,0.5088,15.5,0.0,2.474,1.0,1.05,275.9,374.5,39.11,2136.0,0.007256554,986.39,570.0
64.318,3.385137501,26.0,3.0,1404.0,518.36,1922.36,10353.92,2123.72,0.5088,45.0,0.0,2.474,1.0,1.05,275.9,374.5,39.11,2136.0,0.021067416,986.39,380.0
64.318,3.385137501,26.0,3.0,1404.0,518.36,1922.36,10353.92,2123.72,0.5088,45.0,0.0,2.474,1.0,1.05,275.9,374.5,39.11,2136.0,0.021067416,986.39,379.0
64.318,3.385137501,13.0,3.0,1404.0,273.32,1677.32,12191.75,530.93,0.2807,0.0,0.0,4.948,1.0,1.06,275.9,422.3,46.8,360.0,0.0,1073.36,1054.0
64.318,3.385137501,13.0,3.0,1404.0,273.32,1677.32,12191.75,530.93,0.2807,0.0,0.0,4.948,1.0,1.06,275.9,422.3,46.8,360.0,0.0,1073.36,1060.0
64.318,3.385137501,41.0,3.0,1404.0,801.11,2205.11,6913.88,5281.02,0.7719,0.0,0.0,1.569,1.0,1.06,275.9,374.5,46.8,360.0,0.0,1010.95,990.0
64.318,3.385137501,41.0,3.0,1404.0,801.11,2205.11,6913.88,5281.02,0.7719,0.0,0.0,1.569,1.0,1.06,275.9,374.5,46.8,360.0,0.0,1010.95,1000.0
64.318,3.385137501,41.0,3.0,1404.0,801.11,2205.11,6913.88,5281.02,0.7719,0.0,0.0,1.569,1.0,1.06,275.9,370.2,46.8,360.0,0.0,1007.5,870.0
64.318,3.385137501,41.0,3.0,1404.0,801.11,2205.11,6913.88,5281.02,0.7719,0.0,0.0,1.569,1.0,1.06,275.9,370.2,46.8,360.0,0.0,1007.5,996.0
98.169,3.385137501,41.0,3.0,2124.0,801.11,2925.11,24193.88,5281.02,0.5057,0.0,0.0,2.394,1.0,1.06,275.9,370.2,46.8,540.0,0.0,2014.85,1725.0
98.169,3.385137501,41.0,3.0,2124.0,801.11,2925.11,24193.88,5281.02,0.5057,0.0,0.0,2.394,1.0,1.06,275.9,370.2,46.8,540.0,0.0,2014.85,1710.0
132.02,3.385137501,54.0,3.0,2844.0,1046.15,3890.15,44548.97,9160.88,0.4872,0.0,0.0,2.445,1.0,1.06,275.9,294.5,46.8,720.0,0.0,3177.64,2580.0
132.02,3.385137501,54.0,3.0,2844.0,1046.15,3890.15,44548.97,9160.88,0.4872,0.0,0.0,2.445,1.0,1.06,275.9,294.5,46.8,720.0,0.0,3177.64,2460.0
165.872,3.385137501,79.5,3.0,3564.0,1526.81,5090.81,65053.54,19855.65,0.5612,0.0,0.0,2.086,1.0,1.06,275.9,320.5,46.8,900.0,0.0,4517.16,3240.0
165.872,3.385137501,79.5,3.0,3564.0,1526.81,5090.81,65053.54,19855.65,0.5612,0.0,0.0,2.086,1.0,1.06,275.9,320.5,46.8,900.0,0.0,4517.16,3430.0
64.318,3.385137501,13.0,3.0,1404.0,273.32,1677.32,12191.75,530.93,0.2807,0.0,0.0,4.948,1.0,1.05,275.9,415.42,39.11,360.0,0.0,977.68,1054.0
64.318,3.385137501,13.0,3.0,1404.0,273.32,1677.32,12191.75,530.93,0.2807,0.0,0.0,4.948,1.0,1.05,275.9,415.42,39.11,360.0,0.0,977.68,1060.0
64.318,3.385137501,26.0,3.0,1404.0,518.36,1922.36,10353.92,2123.72,0.5088,0.0,0.0,2.474,1.0,1.05,275.9,369.6,39.11,360.0,0.0,983.85,990.0
64.318,3.385137501,26.0,3.0,1404.0,518.36,1922.36,10353.92,2123.72,0.5088,0.0,0.0,2.474,1.0,1.05,275.9,369.6,39.11,360.0,0.0,983.85,1000.0
64.318,3.385137501,41.0,3.0,1404.0,801.11,2205.11,6913.88,5281.02,0.7719,0.0,0.0,1.569,1.0,1.05,275.9,376.72,39.11,360.0,0.0,959.53,870.0
64.318,3.385137501,41.0,3.0,1404.0,801.11,2205.11,6913.88,5281.02,0.7719,0.0,0.0,1.569,1.0,1.05,275.9,376.72,39.11,360.0,0.0,959.53,996.0
98.169,3.385137501,41.0,3.0,2124.0,801.11,2925.11,24193.88,5281.02,0.5057,0.0,0.0,2.394,1.0,1.05,275.9,376.72,39.11,540.0,0.0,1833.93,1725.0
98.169,3.385137501,41.0,3.0,2124.0,801.11,2925.11,24193.88,5281.02,0.5057,0.0,0.0,2.394,1.0,1.05,275.9,376.72,39.11,540.0,0.0,1833.93,1710.0
132.02,3.385137501,54.0,3.0,2844.0,1046.15,3890.15,44548.97,9160.88,0.4872,0.0,0.0,2.445,1.0,1.05,275.9,312.32,39.11,720.0,0.0,2853.52,2580.0
132.02,3.385137501,54.0,3.0,2844.0,1046.15,3890.15,44548.97,9160.88,0.4872,0.0,0.0,2.445,1.0,1.05,275.9,312.32,39.11,720.0,0.0,2853.52,2460.0
165.872,3.385137501,79.5,3.0,3564.0,1526.81,5090.81,65053.54,19855.65,0.5612,0.0,0.0,2.086,1.0,1.05,275.9,312.85,39.11,900.0,0.0,4004.95,3240.0
165.872,3.385137501,79.5,3.0,3564.0,1526.81,5090.81,65053.54,19855.65,0.5612,0.0,0.0,2.086,1.0,1.05,275.9,312.85,39.11,900.0,0.0,4004.95,3430.0
120.037,4.084732585,75.78,3.72,3133.18,1814.71,4947.9,25411.17,18040.94,0.7473,0.0,0.0,1.584,0.973,1.06,319.6,380.6,51.43,660.0,0.0,2998.96,2908.0
120.037,4.084732585,75.78,3.72,3133.18,1814.71,4947.9,25411.17,18040.94,0.7473,0.0,0.0,1.584,0.973,1.06,319.6,380.6,51.43,660.0,0.0,2998.96,2860.0
120.037,4.084732585,49.28,3.72,3133.18,1195.32,4328.5,36442.08,7629.42,0.4982,0.0,0.0,2.436,0.973,1.06,319.6,380.6,51.43,660.0,0.0,3330.55,3516.0
120.037,4.084732585,49.28,3.72,3133.18,1195.32,4328.5,36442.08,7629.42,0.4982,0.0,0.0,2.436,0.973,1.06,319.6,380.6,51.43,660.0,0.0,3330.55,3309.0
120.037,4.084732585,75.78,3.72,3133.18,1814.71,4947.9,25411.17,18040.94,0.7473,0.0,0.0,1.584,0.973,1.06,319.6,380.6,51.43,660.0,0.0,2998.96,1116.0
120.037,4.084732585,75.78,3.72,3133.18,1814.71,4947.9,25411.17,18040.94,0.7473,0.0,0.0,1.584,0.973,1.06,319.6,380.6,51.43,660.0,0.0,2998.96,1159.0
86.186,4.084732585,27.15,2.85,2264.38,511.69,2776.08,20508.18,2315.74,0.3928,0.0,0.0,3.174,1.27,1.05,374.0,394.0,42.53,480.0,0.0,1920.73,1620.0
118.48,5.641895835,39.0,6.0,4300.0,1583.36,5883.36,37738.27,4778.36,0.4286,0.0,0.0,3.038,0.833,1.05,350.0,350.0,40.0,660.0,0.0,3568.71,3710.0
119.608,4.513516668,39.0,6.0,3456.0,1583.36,5039.36,38582.27,4778.36,0.4245,0.0,0.0,3.067,0.667,1.05,350.0,350.0,40.0,660.0,0.0,3307.07,3475.0
120.737,3.385137501,39.0,6.0,2604.0,1583.36,4187.36,39434.27,4778.36,0.4206,0.0,0.0,3.096,0.5,1.05,350.0,350.0,40.0,660.0,0.0,3042.95,3108.0
121.865,2.256758334,39.0,6.0,1744.0,1583.36,3327.36,40294.27,4778.36,0.4167,0.0,0.0,3.125,0.333,1.05,350.0,350.0,40.0,660.0,0.0,2776.35,2786.0
122.993,1.128379167,39.0,6.0,876.0,1583.36,2459.36,41162.27,4778.36,0.4128,0.0,0.0,3.154,0.167,1.05,350.0,350.0,40.0,660.0,0.0,2507.27,2465.0
157.973,11.28379167,68.0,7.0,11600.0,3144.73,14744.73,60728.54,14526.72,0.5357,0.0,0.0,2.323,1.429,1.05,350.0,350.0,40.0,900.0,0.0,7589.8,7226.0
186.183,11.28379167,68.0,7.0,13600.0,3144.73,16744.73,91228.54,14526.72,0.4545,0.0,0.0,2.738,1.429,1.05,350.0,350.0,40.0,1050.0,0.0,9509.8,9055.0
214.392,11.28379167,68.0,7.0,15600.0,3144.73,18744.73,126728.54,14526.72,0.3947,0.0,0.0,3.153,1.429,1.05,350.0,350.0,40.0,1200.0,0.0,11629.8,11225.0
242.602,11.28379167,68.0,7.0,17600.0,3144.73,20744.73,167228.54,14526.72,0.3488,0.0,0.0,3.568,1.429,1.05,350.0,350.0,40.0,1350.0,0.0,13949.8,13720.0
270.811,11.28379167,68.0,7.0,19600.0,3144.73,22744.73,212728.54,14526.72,0.3125,0.0,0.0,3.983,1.429,1.05,350.0,350.0,40.0,1500.0,0.0,16469.8,15850.0
115.095,9.027033337,39.0,6.0,6784.0,1583.36,8367.36,35254.27,4778.36,0.4412,0.0,0.0,2.951,1.333,1.05,350.0,350.0,40.0,660.0,0.0,4338.75,4272.0
115.095,9.027033337,40.0,5.0,6784.0,1335.18,8119.18,35254.27,5026.55,0.4412,0.0,0.0,2.877,1.6,1.05,350.0,350.0,40.0,660.0,0.0,4251.88,4184.0
115.095,9.027033337,41.0,4.0,6784.0,1080.71,7864.71,35254.27,5281.02,0.4412,0.0,0.0,2.807,2.0,1.05,350.0,350.0,40.0,660.0,0.0,4162.82,4098.0
115.095,9.027033337,42.0,3.0,6784.0,819.96,7603.96,35254.27,5541.77,0.4412,0.0,0.0,2.74,2.667,1.05,350.0,350.0,40.0,660.0,0.0,4071.56,4009.0
115.095,9.027033337,43.0,2.0,6784.0,552.92,7336.92,35254.27,5808.8,0.4412,0.0,0.0,2.677,4.0,1.05,350.0,350.0,40.0,660.0,0.0,3978.09,3802.0
115.095,9.027033337,6.25,4.0,6784.0,207.35,6991.35,41285.94,122.72,0.1005,0.0,0.0,18.415,2.0,1.05,350.0,350.0,40.0,660.0,0.0,4098.41,4131.0
115.095,9.027033337,16.0,4.0,6784.0,452.39,7236.39,40359.36,804.25,0.1961,0.0,0.0,7.193,2.0,1.05,350.0,350.0,40.0,660.0,0.0,4147.11,4160.0
115.095,9.027033337,26.0,4.0,6784.0,703.72,7487.72,38788.57,2123.72,0.2941,0.0,0.0,4.427,2.0,1.05,350.0,350.0,40.0,660.0,0.0,4172.24,4168.0
115.095,9.027033337,47.0,4.0,6784.0,1231.5,8015.5,33444.72,6939.78,0.5,0.0,0.0,2.449,2.0,1.05,350.0,350.0,40.0,660.0,0.0,4143.22,4035.0
115.095,9.027033337,67.5,4.0,6784.0,1746.73,8530.73,25555.39,14313.88,0.701,0.0,0.0,1.705,2.0,1.05,350.0,350.0,40.0,660.0,0.0,4007.97,3780.0
115.095,9.027033337,77.5,4.0,6784.0,1998.05,8782.05,20748.76,18869.19,0.799,0.0,0.0,1.485,2.0,1.05,350.0,350.0,40.0,660.0,0.0,3903.67,3580.0
157.973,11.28379167,68.0,7.0,11600.0,3144.73,14744.73,60728.54,14526.72,0.5357,0.0,0.0,2.323,1.429,1.05,250.0,400.0,40.0,900.0,0.0,6587.04,6806.0
157.973,11.28379167,68.0,7.0,11600.0,3144.73,14744.73,60728.54,14526.72,0.5357,0.0,0.0,2.323,1.429,1.05,300.0,400.0,40.0,900.0,0.0,7167.04,7226.0
157.973,11.28379167,68.0,7.0,11600.0,3144.73,14744.73,60728.54,14526.72,0.5357,0.0,0.0,2.323,1.429,1.05,350.0,400.0,40.0,900.0,0.0,7747.04,7612.0
157.973,11.28379167,68.0,7.0,11600.0,3144.73,14744.73,60728.54,14526.72,0.5357,0.0,0.0,2.323,1.429,1.05,400.0,400.0,40.0,900.0,0.0,8327.04,7990.0
157.973,11.28379167,68.0,7.0,11600.0,3144.73,14744.73,60728.54,14526.72,0.5357,0.0,0.0,2.323,1.429,1.05,450.0,400.0,40.0,900.0,0.0,8907.04,8385.0
157.973,11.28379167,68.0,7.0,11600.0,3144.73,14744.73,60728.54,14526.72,0.5357,0.0,0.0,2.323,1.429,1.05,400.0,250.0,40.0,900.0,0.0,7855.33,7539.0
157.973,11.28379167,68.0,7.0,11600.0,3144.73,14744.73,60728.54,14526.72,0.5357,0.0,0.0,2.323,1.429,1.05,400.0,300.0,40.0,900.0,0.0,8012.56,7700.0
157.973,11.28379167,68.0,7.0,11600.0,3144.73,14744.73,60728.54,14526.72,0.5357,0.0,0.0,2.323,1.429,1.05,400.0,350.0,40.0,900.0,0.0,8169.8,7853.0
157.973,11.28379167,68.0,7.0,11600.0,3144.73,14744.73,60728.54,14526.72,0.5357,0.0,0.0,2.323,1.429,1.05,400.0,400.0,40.0,900.0,0.0,8327.04,8008.0
157.973,11.28379167,68.0,7.0,11600.0,3144.73,14744.73,60728.54,14526.72,0.5357,0.0,0.0,2.323,1.429,1.05,400.0,450.0,40.0,900.0,0.0,8484.27,8166.0
157.973,11.28379167,68.0,7.0,11600.0,3144.73,14744.73,60728.54,14526.72,0.5357,0.0,0.0,2.323,1.429,1.04,350.0,350.0,30.0,900.0,0.0,6982.51,6846.0
157.973,11.28379167,68.0,7.0,11600.0,3144.73,14744.73,60728.54,14526.72,0.5357,0.0,0.0,2.323,1.429,1.06,350.0,350.0,55.0,900.0,0.0,8500.73,8410.0
157.973,11.28379167,68.0,7.0,11600.0,3144.73,14744.73,60728.54,14526.72,0.5357,0.0,0.0,2.323,1.429,1.08,350.0,350.0,70.0,900.0,0.0,9411.65,9345.0
157.973,11.28379167,68.0,7.0,11600.0,3144.73,14744.73,60728.54,14526.72,0.5357,0.0,0.0,2.323,1.429,1.1,350.0,350.0,85.0,900.0,0.0,10322.58,10264.0
157.973,11.28379167,68.0,7.0,11600.0,3144.73,14744.73,60728.54,14526.72,0.5357,0.0,0.0,2.323,1.429,1.12,350.0,350.0,100.0,900.0,0.0,11233.51,11213.0
64.318,3.385137501,13.0,3.0,1404.0,273.32,1677.32,12191.75,530.93,0.2807,0.0,0.0,4.948,1.0,1.03,235.0,235.0,28.63,500.0,0.0,743.24,827.0
64.318,3.385137501,26.0,3.0,1404.0,518.36,1922.36,10353.92,2123.72,0.5088,0.0,0.0,2.474,1.0,1.03,235.0,235.0,28.63,500.0,0.0,748.21,780.0
64.318,3.385137501,41.0,3.0,1404.0,801.11,2205.11,6913.88,5281.02,0.7719,0.0,0.0,1.569,1.0,1.03,235.0,235.0,28.63,500.0,0.0,716.16,732.0
101.554,11.28379167,10.0,5.0,7600.0,392.7,7992.7,31693.14,314.16,0.1667,0.0,0.0,10.155,2.0,1.13,517.6,356.2,112.26,600.0,0.0,7631.51,7704.0
101.554,11.28379167,25.0,5.0,7600.0,863.94,8463.94,29572.57,1963.5,0.3333,0.0,0.0,4.062,2.0,1.14,517.6,356.2,116.03,600.0,0.0,7672.8,7714.0
101.554,11.28379167,49.0,5.0,7600.0,1617.92,9217.92,23239.12,7542.96,0.6,0.0,0.0,2.073,2.0,1.13,517.6,356.2,112.26,600.0,0.0,7118.89,7554.0
101.554,11.28379167,65.0,5.0,7600.0,2120.58,9720.58,17006.2,13273.23,0.7778,0.0,0.0,1.562,2.0,1.13,517.6,356.2,112.0,600.0,0.0,6593.8,6460.0
56.419,11.28379167,25.0,5.0,4400.0,863.94,5263.94,7172.57,1963.5,0.6,0.0,0.0,2.257,2.0,1.14,517.6,356.2,117.88,360.0,0.0,3430.68,3629.0
73.345,11.28379167,35.0,5.0,5600.0,1178.1,6778.1,11873.45,3848.451001,0.6154,0.0,0.0,2.096,2.0,1.14,517.6,356.2,117.88,450.0,0.0,4717.84,4825.0
129.764,11.28379167,65.0,5.0,9600.0,2120.58,11720.58,37506.2,13273.22896,0.6087,0.0,0.0,1.996,2.0,1.13,517.6,356.2,106.02,750.0,0.0,9700.72,8660.0
64.318,3.385137501,29.33785834,3.385137501,1404.0,660.0,2064.0,9632.0,2704.0,0.5088,0.0,0.0,2.192,1.0,1.05,275.9,374.5,39.1,2136.0,0.0,1011.14,1160.0
64.318,3.385137501,29.33785834,3.385137501,1404.0,660.0,2064.0,9632.0,2704.0,0.5088,0.0,0.0,2.192,1.0,1.05,275.9,374.5,39.1,2136.0,0.0,1011.14,920.0
65.409,3.689423477,29.03225527,3.744197645,1559.04,727.04,2286.08,10065.96,2647.96,0.4808,0.0,0.0,2.253,1.0,1.05,380.0,429.0,46.0,450.0,0.0,1367.37,1320.0
65.409,3.689423477,29.03225527,3.744197645,1559.04,727.04,2286.08,10065.96,2647.96,0.4808,0.0,0.0,2.253,1.0,1.05,380.0,429.0,46.0,450.0,0.0,1367.37,1320.0
49.513,6.736423628,25.45623401,2.753245168,2238.27,464.19,2702.46,5201.82,2035.8144,0.5697,0.0,0.0,1.945,2.447,1.07,485.0,477.0,58.7,300.0,0.0,1612.33,1546.0
49.513,6.736423628,25.45623401,2.753245168,2238.27,464.19,2702.46,5201.82,2035.8144,0.5697,0.0,0.0,1.945,2.447,1.07,485.0,477.0,58.7,300.0,0.0,1612.33,1614.0
52.176,4.52480046,25.45623401,2.753245168,1547.7,464.19,2011.89,6052.55,2035.8144,0.5407,0.0,0.0,2.05,1.643,1.07,445.0,477.0,58.7,300.0,0.0,1265.43,1194.0
52.176,4.52480046,25.45623401,2.753245168,1547.7,464.19,2011.89,6052.55,2035.8144,0.5407,0.0,0.0,2.05,1.643,1.07,445.0,477.0,58.7,300.0,0.0,1265.43,1210.0
53.214,3.317434751,25.45623401,2.753245168,1143.78,464.19,1607.96,6396.26,2035.8144,0.5301,0.0,0.0,2.09,1.205,1.07,464.0,477.0,58.7,300.0,0.0,1127.59,1027.0
53.214,3.317434751,25.45623401,2.753245168,1143.78,464.19,1607.96,6396.26,2035.8144,0.5301,0.0,0.0,2.09,1.205,1.07,464.0,477.0,58.7,300.0,0.0,1127.59,1060.0
54.377,2.324461084,25.45623401,2.753245168,811.15,464.19,1275.33,6789.1,2035.8144,0.5188,0.0,0.0,2.136,0.844,1.07,453.0,477.0,58.7,300.0,0.0,987.39,820.0
54.377,2.324461084,25.45623401,2.753245168,811.15,464.19,1275.33,6789.1,2035.8144,0.5188,0.0,0.0,2.136,0.844,1.07,453.0,477.0,58.7,300.0,0.0,987.39,839.0
74.755,3.421814341,30.46623751,3.385137501,1644.0,684.0,2328.0,13956.0,2916.0,0.5263,0.0,0.0,2.454,1.0,1.03,300.0,300.0,28.36,480.0,0.0,1094.23,1075.0
74.755,3.421814341,35.66463662,3.423564333,1644.0,804.0,2448.0,12756.0,3996.0,0.5263,0.0,0.0,2.096,1.0,1.03,300.0,300.0,28.36,480.0,0.0,1096.19,1081.0
74.755,3.421814341,40.1962807,3.505656522,1644.0,924.0,2568.0,11556.0,5076.0,0.5263,0.0,0.0,1.86,1.0,1.03,300.0,300.0,28.36,480.0,0.0,1098.16,1082.0
80.456,3.416923781,30.46623751,3.385137501,1764.0,684.0,2448.0,16736.0,2916.0,0.4839,0.0,0.0,2.641,1.0,1.03,300.0,300.0,28.36,480.0,0.0,1209.08,1194.0
80.456,3.416923781,35.66463662,3.423564333,1764.0,804.0,2568.0,15536.0,3996.0,0.4839,0.0,0.0,2.256,1.0,1.03,300.0,300.0,28.36,480.0,0.0,1211.04,1190.0
80.456,3.416923781,40.1962807,3.505656522,1764.0,924.0,2688.0,14336.0,5076.0,0.4839,0.0,0.0,2.002,1.0,1.03,300.0,300.0,28.36,480.0,0.0,1213.01,1193.0
40.622,15.79730834,18.05406667,15.79730834,4816.0,2576.0,7392.0,1584.0,1024.0,0.8333,0.0,0.0,2.25,1.0,1.04,336.0,336.0,34.52,400.0,0.0,2538.39,556.5
40.622,15.79730834,18.05406667,15.79730834,4816.0,2576.0,7392.0,1584.0,1024.0,0.8333,0.0,0.0,2.25,1.0,1.04,336.0,336.0,34.52,400.0,0.0,2538.39,549.5
40.622,15.79730834,18.05406667,15.79730834,4816.0,2576.0,7392.0,1584.0,1024.0,0.8333,0.0,0.0,2.25,1.0,1.04,336.0,336.0,31.79,400.0,0.0,2534.07,560.0
40.622,15.79730834,18.05406667,15.79730834,4816.0,2576.0,7392.0,1584.0,1024.0,0.8333,0.0,0.0,2.25,1.0,1.04,336.0,336.0,31.79,400.0,0.0,2534.07,523.0
40.622,15.79730834,18.05406667,15.79730834,4816.0,2576.0,7392.0,1584.0,1024.0,0.8333,0.0,0.0,2.25,1.0,1.04,336.0,336.0,31.43,400.0,0.0,2533.49,521.0
40.622,15.79730834,18.05406667,15.79730834,4816.0,2576.0,7392.0,1584.0,1024.0,0.8333,0.0,0.0,2.25,1.0,1.04,336.0,336.0,31.43,400.0,0.0,2533.49,539.5
40.622,15.79730834,18.05406667,15.79730834,4816.0,2576.0,7392.0,1584.0,1024.0,0.8333,0.0,0.0,2.25,1.0,1.04,336.0,336.0,30.88,400.0,0.0,2532.63,539.5
40.622,15.79730834,18.05406667,15.79730834,4816.0,2576.0,7392.0,1584.0,1024.0,0.8333,0.0,0.0,2.25,1.0,1.04,336.0,336.0,30.88,400.0,0.0,2532.63,539.5
40.622,15.79730834,18.05406667,15.79730834,4816.0,2576.0,7392.0,1584.0,1024.0,0.8333,0.0,0.0,2.25,1.0,1.03,336.0,336.0,28.09,400.0,0.0,2528.21,496.4
40.622,15.79730834,18.05406667,15.79730834,4816.0,2576.0,7392.0,1584.0,1024.0,0.8333,0.0,0.0,2.25,1.0,1.03,336.0,336.0,28.09,400.0,0.0,2528.21,498.4
86.186,4.084732585,26.84414039,3.057907543,2264.38,545.14,2809.53,20526.62,2263.8564,0.3469,0.0,0.0,3.211,1.336,1.05,374.0,304.0,42.53,480.0,0.0,1885.63,1665.0
86.186,4.084732585,26.84414039,3.057907543,2264.38,545.14,2809.53,20526.62,2263.8564,0.3469,0.0,0.0,3.211,1.336,1.05,374.0,304.0,42.53,480.0,0.0,1885.63,1819.0
51.866,3.298186859,8.30487067,2.922502043,1108.99,179.33,1288.33,8055.04,216.6784,0.2686,0.0,0.0,6.245,1.104,1.05,401.0,468.0,39.5,360.0,0.0,846.81,909.9
51.877,3.286639174,8.521123213,3.013760073,1105.23,189.89,1295.12,8036.81,228.1096,0.2821,0.0,0.0,6.088,1.067,1.09,401.0,468.0,78.4,360.0,0.0,1162.15,1161.3
51.843,3.321282578,8.559750788,2.946259153,1116.52,185.73,1302.25,8027.61,230.1824,0.2823,0.0,0.0,6.057,1.103,1.12,401.0,468.0,101.9,360.0,0.0,1352.66,1469.3
51.854,3.309734661,9.737912212,1.715136334,1112.76,114.18,1226.94,8035.19,297.9076,0.2741,0.0,0.0,5.325,1.888,1.05,401.0,357.0,39.5,360.0,0.0,804.37,855.9
51.808,3.321729597,9.670209462,1.726420126,1115.94,114.26,1230.2,8024.08,293.7796,0.2732,0.0,0.0,5.357,1.882,1.05,401.0,357.0,39.5,360.0,0.0,805.23,864.4
51.819,3.310180017,9.65892567,1.737703917,1112.18,114.95,1227.13,8027.84,293.0944,0.2731,0.0,0.0,5.365,1.864,1.09,401.0,357.0,78.4,360.0,0.0,1116.4,1154.9
51.831,3.298630554,9.670209462,1.726420126,1108.42,114.26,1222.68,8031.6,293.7796,0.273,0.0,0.0,5.36,1.869,1.12,401.0,357.0,101.9,360.0,0.0,1303.69,1408.5
46.023,4.35155388,8.350005837,2.933785834,1317.83,180.96,1498.79,6254.19,219.04,0.2772,0.0,0.0,5.512,1.473,1.05,439.0,468.0,39.5,300.0,0.0,910.26,1030.4
46.093,4.306340305,8.293586878,2.990204793,1305.43,183.91,1489.34,6274.57,216.09,0.2769,0.0,0.0,5.558,1.43,1.09,439.0,468.0,78.4,300.0,0.0,1151.08,1235.2
107.873,4.964868335,62.79430065,4.908449377,3442.56,2012.31,5454.87,22157.44,12387.69,0.6276,0.0,0.0,1.718,1.011,1.05,337.0,339.0,46.5,1200.0,0.0,2872.64,3267.0
107.873,4.964868335,62.79430065,4.908449377,3442.56,2012.31,5454.87,22157.44,12387.69,0.6276,0.0,0.0,1.718,1.011,1.05,337.0,339.0,46.5,1600.0,0.0,2872.64,3115.0
107.873,4.964868335,62.79430065,4.908449377,3442.56,2012.31,5454.87,22157.44,12387.69,0.6276,0.0,0.0,1.718,1.011,1.05,337.0,339.0,46.5,2000.0,0.0,2872.64,2913.0
107.873,4.964868335,62.79430065,4.908449377,3442.56,2012.31,5454.87,22157.44,12387.69,0.6276,0.0,0.0,1.718,1.011,1.06,337.0,339.0,54.0,1600.0,0.0,3038.82,3289.0
107.873,4.964868335,62.79430065,4.908449377,3442.56,2012.31,5454.87,22157.44,12387.69,0.6276,0.0,0.0,1.718,1.011,1.07,337.0,339.0,62.9,1600.0,0.0,3236.02,3515.0
53.034,3.554394376,18.23460734,4.332976002,1224.09,555.42,1779.51,7236.0,1044.5824,0.4255,0.0,0.0,2.908,0.82,1.05,556.0,404.0,41.8,250.0,0.0,1207.45,1420.0
52.966,3.565678168,18.21203976,4.355543585,1226.59,558.0,1784.59,7213.45,1041.9984,0.4261,0.0,0.0,2.908,0.819,1.05,556.0,404.0,41.8,250.0,0.0,1208.94,1420.0
53.0,3.531826793,18.20075597,4.366827377,1215.32,559.29,1774.61,7224.72,1040.7076,0.4258,0.0,0.0,2.912,0.809,1.1,556.0,404.0,81.6,250.0,0.0,1491.21,1464.0
52.989,3.543110585,18.21203976,4.355543585,1219.07,558.0,1777.08,7220.97,1041.9984,0.4259,0.0,0.0,2.91,0.813,1.14,556.0,404.0,115.9,250.0,0.0,1740.15,1706.0
53.0,3.588245751,21.19096076,1.602298417,1235.37,221.41,1456.77,7192.56,1410.7536,0.4301,0.0,0.0,2.501,2.239,1.05,556.0,324.0,41.8,250.0,0.0,1059.25,1209.0
52.977,3.554394376,21.16839317,1.624866001,1222.83,224.41,1447.24,7185.05,1407.7504,0.4302,0.0,0.0,2.503,2.188,1.1,556.0,324.0,81.6,250.0,0.0,1338.9,1323.0
52.977,3.554394376,21.16839317,1.624866001,1222.83,224.41,1447.24,7185.05,1407.7504,0.4302,0.0,0.0,2.503,2.188,1.14,556.0,324.0,115.9,250.0,0.0,1585.35,1516.0
86.186,4.084732585,26.85542418,3.046623751,2264.38,543.24,2807.62,20526.62,2265.76,0.3469,0.0,0.0,3.209,1.341,1.06,374.0,304.0,50.5,480.0,0.0,2048.62,1819.0
278.71,3.385137501,194.0812167,3.385137501,5964.0,4164.0,10128.0,121536.0,118336.0,0.7085,0.0,0.0,1.436,1.0,1.05,353.0,353.0,39.8,1500.0,0.0,8412.32,6939.0
278.71,3.385137501,222.2906959,3.385137501,5964.0,4764.0,10728.0,84036.0,155236.0,0.8097,0.0,0.0,1.254,1.0,1.05,353.0,353.0,39.8,1500.0,0.0,7131.62,6090.0
74.755,3.421814341,30.46623751,3.385137501,1644.0,684.0,2328.0,13956.0,2916.0,0.5263,0.0,0.0,2.454,1.0,1.03,300.0,300.0,28.36,480.0,0.0,1094.23,1120.0
74.755,3.421814341,35.66463662,3.423564333,1644.0,804.0,2448.0,12756.0,3996.0,0.5263,0.0,0.0,2.096,1.0,1.03,300.0,300.0,28.36,480.0,0.0,1096.19,1100.0
74.755,3.421814341,40.1962807,3.505656522,1644.0,924.0,2568.0,11556.0,5076.0,0.5263,0.0,0.0,1.86,1.0,1.03,300.0,300.0,28.36,480.0,0.0,1098.16,1010.0
80.456,3.416923781,30.46623751,3.385137501,1764.0,684.0,2448.0,16736.0,2916.0,0.4839,0.0,0.0,2.641,1.0,1.03,300.0,300.0,28.36,480.0,0.0,1209.08,1160.0
49.536,6.736423628,25.45623401,2.753245168,2239.23,464.19,2703.41,5208.84,2035.8144,0.5695,0.0,0.0,1.946,2.447,1.07,485.0,477.0,62.19,375.0,0.0,1631.36,1545.0
52.171,4.52480046,25.45623401,2.753245168,1547.54,464.19,2011.72,6050.7,2035.8144,0.5407,0.0,0.0,2.049,1.643,1.07,445.0,477.0,62.19,375.0,0.0,1286.34,1194.0
143.175,11.33441524,60.43679297,8.662036929,10600.0,3525.0,14125.0,49400.0,11475.0,0.4348,0.0,0.0,2.369,1.333,1.04,450.0,450.0,37.45,900.0,0.0,8206.21,8626.7
143.175,11.33441524,63.33012368,5.76870621,10600.0,2400.0,13000.0,49400.0,12600.0,0.4348,0.0,0.0,2.261,2.0,1.04,450.0,450.0,37.45,900.0,0.0,7699.96,8117.1
143.175,11.33441524,64.77439453,4.32443536,10600.0,1818.75,12418.75,49400.0,13181.25,0.4348,0.0,0.0,2.21,2.667,1.04,450.0,450.0,37.45,900.0,0.0,7438.4,7864.3
143.175,11.33441524,65.64025152,3.458578376,10600.0,1464.0,12064.0,49400.0,13536.0,0.4348,0.0,0.0,2.181,3.333,1.04,450.0,450.0,37.45,900.0,0.0,7278.76,7702.8
143.175,11.33441524,60.43679297,8.662036929,10600.0,3525.0,14125.0,49400.0,11475.0,0.4348,0.0,0.0,2.369,1.333,1.06,450.0,450.0,51.43,900.0,0.0,8896.93,9462.4
143.175,11.33441524,63.33012368,5.76870621,10600.0,2400.0,13000.0,49400.0,12600.0,0.4348,0.0,0.0,2.261,2.0,1.06,450.0,450.0,51.43,900.0,0.0,8390.68,8900.8
143.175,11.33441524,64.77439453,4.32443536,10600.0,1818.75,12418.75,49400.0,13181.25,0.4348,0.0,0.0,2.21,2.667,1.06,450.0,450.0,51.43,900.0,0.0,8129.12,8621.3
143.175,11.33441524,65.64025152,3.458578376,10600.0,1464.0,12064.0,49400.0,13536.0,0.4348,0.0,0.0,2.181,3.333,1.06,450.0,450.0,51.43,900.0,0.0,7969.48,8418.2
143.175,11.33441524,60.43679297,8.662036929,10600.0,3525.0,14125.0,49400.0,11475.0,0.4348,0.0,0.0,2.369,1.333,1.08,450.0,450.0,65.74,900.0,0.0,9603.91,10193.1
143.175,11.33441524,63.33012368,5.76870621,10600.0,2400.0,13000.0,49400.0,12600.0,0.4348,0.0,0.0,2.261,2.0,1.08,450.0,450.0,65.74,900.0,0.0,9097.66,9639.1
143.175,11.33441524,64.77439453,4.32443536,10600.0,1818.75,12418.75,49400.0,13181.25,0.4348,0.0,0.0,2.21,2.667,1.08,450.0,450.0,65.74,900.0,0.0,8836.1,9386.7
143.175,11.33441524,65.64025152,3.458578376,10600.0,1464.0,12064.0,49400.0,13536.0,0.4348,0.0,0.0,2.181,3.333,1.08,450.0,450.0,65.74,900.0,0.0,8676.46,9096.7
146.01,8.500076238,60.43679297,8.662036929,8025.0,3525.0,11550.0,51975.0,11475.0,0.4255,0.0,0.0,2.416,1.0,1.04,450.0,450.0,37.45,900.0,0.0,7143.89,7634.4
146.01,8.500076238,63.33012368,5.76870621,8025.0,2400.0,10425.0,51975.0,12600.0,0.4255,0.0,0.0,2.306,1.5,1.04,450.0,450.0,37.45,900.0,0.0,6637.64,7078.4
146.01,8.500076238,64.77439453,4.32443536,8025.0,1818.75,9843.75,51975.0,13181.25,0.4255,0.0,0.0,2.254,2.0,1.04,450.0,450.0,37.45,900.0,0.0,6376.08,6841.4
146.01,8.500076238,65.64025152,3.458578376,8025.0,1464.0,9489.0,51975.0,13536.0,0.4255,0.0,0.0,2.224,2.5,1.04,450.0,450.0,37.45,900.0,0.0,6216.44,6673.7
146.01,8.500076238,60.43679297,8.662036929,8025.0,3525.0,11550.0,51975.0,11475.0,0.4255,0.0,0.0,2.416,1.0,1.06,450.0,450.0,51.43,900.0,0.0,7870.61,8458.5
146.01,8.500076238,63.33012368,5.76870621,8025.0,2400.0,10425.0,51975.0,12600.0,0.4255,0.0,0.0,2.306,1.5,1.06,450.0,450.0,51.43,900.0,0.0,7364.36,7892.5
146.01,8.500076238,64.77439453,4.32443536,8025.0,1818.75,9843.75,51975.0,13181.25,0.4255,0.0,0.0,2.254,2.0,1.06,450.0,450.0,51.43,900.0,0.0,7102.8,7615.7
146.01,8.500076238,65.64025152,3.458578376,8025.0,1464.0,9489.0,51975.0,13536.0,0.4255,0.0,0.0,2.224,2.5,1.06,450.0,450.0,51.43,900.0,0.0,6943.16,7475.8
146.01,8.500076238,60.43679297,8.662036929,8025.0,3525.0,11550.0,51975.0,11475.0,0.4255,0.0,0.0,2.416,1.0,1.08,450.0,450.0,65.74,900.0,0.0,8614.44,9261.6
146.01,8.500076238,63.33012368,5.76870621,8025.0,2400.0,10425.0,51975.0,12600.0,0.4255,0.0,0.0,2.306,1.5,1.08,450.0,450.0,65.74,900.0,0.0,8108.19,8726.1
146.01,8.500076238,64.77439453,4.32443536,8025.0,1818.75,9843.75,51975.0,13181.25,0.4255,0.0,0.0,2.254,2.0,1.08,450.0,450.0,65.74,900.0,0.0,7846.63,8450.3
146.01,8.500076238,65.64025152,3.458578376,8025.0,1464.0,9489.0,51975.0,13536.0,0.4255,0.0,0.0,2.224,2.5,1.08,450.0,450.0,65.74,900.0,0.0,7686.99,8200.3
147.71,6.799718929,60.43679297,8.662036929,6456.0,3525.0,9981.0,53544.0,11475.0,0.4202,0.0,0.0,2.444,0.8,1.04,450.0,450.0,37.45,900.0,0.0,6496.6,7024.5
147.71,6.799718929,63.33012368,5.76870621,6456.0,2400.0,8856.0,53544.0,12600.0,0.4202,0.0,0.0,2.332,1.2,1.04,450.0,450.0,37.45,900.0,0.0,5990.35,6468.8
147.71,6.799718929,64.77439453,4.32443536,6456.0,1818.75,8274.75,53544.0,13181.25,0.4202,0.0,0.0,2.28,1.6,1.04,450.0,450.0,37.45,900.0,0.0,5728.79,6199.1
147.71,6.799718929,65.64025152,3.458578376,6456.0,1464.0,7920.0,53544.0,13536.0,0.4202,0.0,0.0,2.25,2.0,1.04,450.0,450.0,37.45,900.0,0.0,5569.15,6019.7
147.71,6.799718929,60.43679297,8.662036929,6456.0,3525.0,9981.0,53544.0,11475.0,0.4202,0.0,0.0,2.444,0.8,1.06,450.0,450.0,51.43,900.0,0.0,7245.26,7786.5
147.71,6.799718929,63.33012368,5.76870621,6456.0,2400.0,8856.0,53544.0,12600.0,0.4202,0.0,0.0,2.332,1.2,1.06,450.0,450.0,51.43,900.0,0.0,6739.01,7286.4
147.71,6.799718929,64.77439453,4.32443536,6456.0,1818.75,8274.75,53544.0,13181.25,0.4202,0.0,0.0,2.28,1.6,1.06,450.0,450.0,51.43,900.0,0.0,6477.45,6797.9
147.71,6.799718929,65.64025152,3.458578376,6456.0,1464.0,7920.0,53544.0,13536.0,0.4202,0.0,0.0,2.25,2.0,1.06,450.0,450.0,51.43,900.0,0.0,6317.81,6261.6
147.71,6.799718929,60.43679297,8.662036929,6456.0,3525.0,9981.0,53544.0,11475.0,0.4202,0.0,0.0,2.444,0.8,1.08,450.0,450.0,65.74,900.0,0.0,8011.54,7854.7
147.71,6.799718929,63.33012368,5.76870621,6456.0,2400.0,8856.0,53544.0,12600.0,0.4202,0.0,0.0,2.332,1.2,1.08,450.0,450.0,65.74,900.0,0.0,7505.29,7529.4
147.71,6.799718929,64.77439453,4.32443536,6456.0,1818.75,8274.75,53544.0,13181.25,0.4202,0.0,0.0,2.28,1.6,1.08,450.0,450.0,65.74,900.0,0.0,7243.73,7268.5
147.71,6.799718929,65.64025152,3.458578376,6456.0,1464.0,7920.0,53544.0,13536.0,0.4202,0.0,0.0,2.25,2.0,1.08,450.0,450.0,65.74,900.0,0.0,7084.09,7098.2
148.843,5.666246025,60.43679297,8.662036929,5400.0,3525.0,8925.0,54600.0,11475.0,0.4167,0.0,0.0,2.463,0.667,1.04,450.0,450.0,37.45,900.0,0.0,6060.94,6585.3
148.843,5.666246025,63.33012368,5.76870621,5400.0,2400.0,7800.0,54600.0,12600.0,0.4167,0.0,0.0,2.35,1.0,1.04,450.0,450.0,37.45,900.0,0.0,5554.69,5824.9
148.843,5.666246025,64.77439453,4.32443536,5400.0,1818.75,7218.75,54600.0,13181.25,0.4167,0.0,0.0,2.298,1.333,1.04,450.0,450.0,37.45,900.0,0.0,5293.13,5611.3
148.843,5.666246025,65.64025152,3.458578376,5400.0,1464.0,6864.0,54600.0,13536.0,0.4167,0.0,0.0,2.268,1.667,1.04,450.0,450.0,37.45,900.0,0.0,5133.49,5408.6
148.843,5.666246025,60.43679297,8.662036929,5400.0,3525.0,8925.0,54600.0,11475.0,0.4167,0.0,0.0,2.463,0.667,1.06,450.0,450.0,51.43,900.0,0.0,6824.37,7104.1
148.843,5.666246025,63.33012368,5.76870621,5400.0,2400.0,7800.0,54600.0,12600.0,0.4167,0.0,0.0,2.35,1.0,1.06,450.0,450.0,51.43,900.0,0.0,6318.12,6657.6
148.843,5.666246025,64.77439453,4.32443536,5400.0,1818.75,7218.75,54600.0,13181.25,0.4167,0.0,0.0,2.298,1.333,1.06,450.0,450.0,51.43,900.0,0.0,6056.56,6262.4
148.843,5.666246025,65.64025152,3.458578376,5400.0,1464.0,6864.0,54600.0,13536.0,0.4167,0.0,0.0,2.268,1.667,1.06,450.0,450.0,51.43,900.0,0.0,5896.92,6239.1
148.843,5.666246025,60.43679297,8.662036929,5400.0,3525.0,8925.0,54600.0,11475.0,0.4167,0.0,0.0,2.463,0.667,1.08,450.0,450.0,65.74,900.0,0.0,7605.77,7721.1
148.843,5.666246025,63.33012368,5.76870621,5400.0,2400.0,7800.0,54600.0,12600.0,0.4167,0.0,0.0,2.35,1.0,1.08,450.0,450.0,65.74,900.0,0.0,7099.52,7526.7
148.843,5.666246025,64.77439453,4.32443536,5400.0,1818.75,7218.75,54600.0,13181.25,0.4167,0.0,0.0,2.298,1.333,1.08,450.0,450.0,65.74,900.0,0.0,6837.95,7075.9
148.843,5.666246025,65.64025152,3.458578376,5400.0,1464.0,6864.0,54600.0,13536.0,0.4167,0.0,0.0,2.268,1.667,1.08,450.0,450.0,65.74,900.0,0.0,6678.32,6598.3
98.169,3.385137501,16.24866001,3.385137501,2124.0,381.6,2505.6,29064.96,829.44,0.2,0.0,0.0,6.042,1.0,1.05,268.26,268.26,39.11,480.0,0.0,1808.77,2258.95
98.169,3.385137501,26.06555876,3.385137501,2124.0,590.4,2714.4,27551.16,2134.44,0.3,0.0,0.0,3.766,1.0,1.05,268.26,268.26,39.11,480.0,0.0,1805.58,2180.1
98.169,3.385137501,35.88245751,3.385137501,2124.0,799.2,2923.2,25431.84,4044.96,0.4,0.0,0.0,2.736,1.0,1.05,268.26,268.26,39.11,480.0,0.0,1778.71,2104.81
98.169,3.385137501,45.69935627,3.385137501,2124.0,1008.0,3132.0,22707.0,6561.0,0.5,0.0,0.0,2.148,1.0,1.05,268.26,268.26,39.11,480.0,0.0,1728.17,1952.05
98.169,3.385137501,55.51625502,3.385137501,2124.0,1216.8,3340.8,19376.64,9682.56,0.6,0.0,0.0,1.768,1.0,1.05,268.26,268.26,39.11,480.0,0.0,1653.95,1884.85
98.169,3.385137501,65.33315377,3.385137501,2124.0,1425.6,3549.6,15440.76,13409.64,0.7,0.0,0.0,1.503,1.0,1.05,268.26,268.26,39.11,480.0,0.0,1556.04,1733.7
98.169,3.385137501,75.15005253,3.385137501,2124.0,1634.4,3758.4,10899.36,17742.24,0.8,0.0,0.0,1.306,1.0,1.05,268.26,268.26,39.11,480.0,0.0,1434.46,1582.87
98.169,3.385137501,35.88245751,3.385137501,2124.0,799.2,2923.2,25431.84,4044.96,0.4,0.0,0.0,2.736,1.0,1.05,336.54,336.54,39.11,400.0,0.0,1978.31,2349.34
98.169,3.385137501,35.88245751,3.385137501,2124.0,799.2,2923.2,25431.84,4044.96,0.4,0.0,0.0,2.736,1.0,1.05,336.54,336.54,39.11,500.0,0.0,1978.31,2298.75
98.169,3.385137501,35.88245751,3.385137501,2124.0,799.2,2923.2,25431.84,4044.96,0.4,0.0,0.0,2.736,1.0,1.05,336.54,336.54,39.11,600.0,0.0,1978.31,2287.06
98.169,3.385137501,35.88245751,3.385137501,2124.0,799.2,2923.2,25431.84,4044.96,0.4,0.0,0.0,2.736,1.0,1.05,336.54,336.54,39.11,700.0,0.0,1978.31,2228.38
98.169,3.385137501,35.88245751,3.385137501,2124.0,799.2,2923.2,25431.84,4044.96,0.4,0.0,0.0,2.736,1.0,1.05,336.54,336.54,39.11,720.0,0.0,1978.31,2216.35
98.169,3.385137501,35.88245751,3.385137501,2124.0,799.2,2923.2,25431.84,4044.96,0.4,0.0,0.0,2.736,1.0,1.05,336.54,336.54,39.11,820.0,0.0,1978.31,2168.8
98.169,3.385137501,35.88245751,3.385137501,2124.0,799.2,2923.2,25431.84,4044.96,0.4,0.0,0.0,2.736,1.0,1.05,336.54,336.54,39.11,920.0,0.0,1978.31,2127.99
98.169,3.385137501,35.88245751,3.385137501,2124.0,799.2,2923.2,25431.84,4044.96,0.4,0.0,0.0,2.736,1.0,1.05,336.54,336.54,39.11,1020.0,0.0,1978.31,2093.18
94.784,6.770275003,16.24866001,3.385137501,4176.0,381.6,4557.6,27012.96,829.44,0.2071,0.0,0.0,5.833,2.0,1.04,268.26,268.26,32.88,480.0,0.0,2110.77,2384.89
94.784,6.770275003,16.24866001,3.385137501,4176.0,381.6,4557.6,27012.96,829.44,0.2071,0.0,0.0,5.833,2.0,1.05,268.26,268.26,42.07,480.0,0.0,2358.98,2613.44
94.784,6.770275003,16.24866001,3.385137501,4176.0,381.6,4557.6,27012.96,829.44,0.2071,0.0,0.0,5.833,2.0,1.06,268.26,268.26,51.43,480.0,0.0,2611.92,2845.98
94.784,6.770275003,16.24866001,3.385137501,4176.0,381.6,4557.6,27012.96,829.44,0.2071,0.0,0.0,5.833,2.0,1.07,268.26,268.26,60.94,480.0,0.0,2868.79,3073.37
94.784,6.770275003,16.24866001,3.385137501,4176.0,381.6,4557.6,27012.96,829.44,0.2071,0.0,0.0,5.833,2.0,1.08,268.26,268.26,70.57,480.0,0.0,3129.02,3260.47
94.784,6.770275003,16.24866001,3.385137501,4176.0,381.6,4557.6,27012.96,829.44,0.2071,0.0,0.0,5.833,2.0,1.09,268.26,268.26,80.32,480.0,0.0,3392.19,3657.64
51.295,5.91,20.95400113,1.692568751,2014.5,231.84,2246.34,6654.87,1379.3796,0.3913,0.0,0.0,2.448,3.94,1.0,454.0,492.0,57.64,401.0,0.0,1412.24,1410.0
52.545,4.66,20.61548738,2.031082501,1606.72,276.05,1882.77,7062.65,1335.1716,0.382,0.0,0.0,2.549,2.589,1.0,416.0,492.0,57.64,401.0,0.0,1211.31,1295.0
53.735,3.47,20.61548738,2.031082501,1209.39,276.05,1485.44,7459.97,1335.1716,0.3735,0.0,0.0,2.607,1.928,1.0,453.0,492.0,57.64,401.0,0.0,1113.67,1145.0
54.245,2.96,20.61548738,2.031082501,1036.39,276.05,1312.43,7632.98,1335.1716,0.37,0.0,0.0,2.631,1.644,1.0,430.0,492.0,57.64,401.0,0.0,1021.44,1050.0
66.415,3.42,33.98113862,2.787096543,1463.9,619.48,2083.38,9610.29,3627.6529,0.4906,0.0,0.0,1.954,1.385,1.0,379.0,392.0,57.64,399.0,0.0,1351.6,1315.0
66.895,2.94,33.98113862,2.787096543,1262.88,619.48,1882.35,9811.31,3627.6529,0.4871,0.0,0.0,1.969,1.19,1.0,357.0,392.0,57.64,399.0,0.0,1259.22,1215.0
79.15,3.44,39.20553416,3.272299585,1747.94,839.72,2587.66,14012.62,4828.8601,0.4756,0.0,0.0,2.019,1.186,1.0,433.0,400.0,57.64,400.0,0.0,1900.45,1690.0
79.69,2.9,39.20553416,3.272299585,1478.47,839.72,2318.2,14282.09,4828.8601,0.4724,0.0,0.0,2.033,1.0,1.0,395.0,400.0,57.64,400.0,0.0,1743.12,1665.0
43.0,14.0,18.05406667,15.79730834,4398.23,2576.0,6974.23,2208.8,1024.0,0.6977,0.0,0.0,2.382,1.0,1.0,300.0,336.0,34.52,400.0,0.0,2185.0,568.5
43.0,14.0,18.05406667,15.79730834,4398.23,2576.0,6974.23,2208.8,1024.0,0.6977,0.0,0.0,2.382,1.0,1.0,300.0,336.0,34.52,400.0,0.0,2185.0,556.0
43.0,14.0,18.05406667,15.79730834,4398.23,2576.0,6974.23,2208.8,1024.0,0.6977,0.0,0.0,2.382,1.0,1.0,300.0,336.0,31.79,400.0,0.0,2185.0,557.5
43.0,14.0,18.05406667,15.79730834,4398.23,2576.0,6974.23,2208.8,1024.0,0.6977,0.0,0.0,2.382,1.0,1.0,300.0,336.0,31.79,400.0,0.0,2185.0,545.0
43.0,14.0,18.05406667,15.79730834,4398.23,2576.0,6974.23,2208.8,1024.0,0.6977,0.0,0.0,2.382,1.0,1.0,300.0,336.0,31.43,400.0,0.0,2185.0,525.0
43.0,14.0,18.05406667,15.79730834,4398.23,2576.0,6974.23,2208.8,1024.0,0.6977,0.0,0.0,2.382,1.0,1.0,300.0,336.0,31.43,400.0,0.0,2185.0,534.0
43.0,14.0,18.05406667,15.79730834,4398.23,2576.0,6974.23,2208.8,1024.0,0.6977,0.0,0.0,2.382,1.0,1.0,300.0,336.0,30.88,400.0,0.0,2185.0,556.0
43.0,14.0,18.05406667,15.79730834,4398.23,2576.0,6974.23,2208.8,1024.0,0.6977,0.0,0.0,2.382,1.0,1.0,300.0,336.0,30.88,400.0,0.0,2185.0,575.0
43.0,14.0,18.05406667,15.79730834,4398.23,2576.0,6974.23,2208.8,1024.0,0.6977,0.0,0.0,2.382,1.0,1.0,300.0,336.0,28.09,400.0,0.0,2185.0,479.0
43.0,14.0,18.05406667,15.79730834,4398.23,2576.0,6974.23,2208.8,1024.0,0.6977,0.0,0.0,2.382,1.0,1.0,300.0,336.0,28.09,400.0,0.0,2185.0,465.0
94.88,3.62,64.28,3.72,2199.23,1545.92,3745.15,13754.57,12980.8,0.7167,0.0,0.0348,1.476,0.973,1.0,319.6,380.6,51.43,660.0,0.0,1998.66,2384.0
94.88,3.62,64.28,3.72,2199.23,1545.92,3745.15,13754.57,12980.8,0.7167,0.0,0.0348,1.476,0.973,1.0,319.6,380.6,51.43,660.0,0.0,1998.66,2415.0
94.88,3.62,37.78,3.72,2199.23,926.52,3125.75,22870.68,4484.08,0.4374,0.0,0.0348,2.511,0.973,1.0,319.6,380.6,51.43,660.0,0.0,2231.76,3067.0
94.88,3.62,37.78,3.72,2199.23,926.52,3125.75,22870.68,4484.08,0.4374,0.0,0.0348,2.511,0.973,1.0,319.6,380.6,51.43,660.0,0.0,2231.76,2976.0
94.88,3.62,64.28,3.72,2199.23,1545.92,3745.15,13754.57,12980.8,0.7167,0.0,0.0348,1.476,0.973,1.0,319.6,380.6,51.43,660.0,0.0,1998.66,1420.0
94.88,3.62,64.28,3.72,2199.23,1545.92,3745.15,13754.57,12980.8,0.7167,0.0,0.0348,1.476,0.973,1.0,319.6,380.6,51.43,660.0,0.0,1998.66,1420.0
107.061,4.084732585,64.28,3.72,2800.14,1545.92,4346.06,21482.13,12980.8,0.7167,0.0,0.0348,1.666,0.973,1.06,319.6,380.6,51.43,660.0,0.0,2588.14,2713.0
107.061,4.084732585,64.28,3.72,2800.14,1545.92,4346.06,21482.13,12980.8,0.7167,0.0,0.0348,1.666,0.973,1.06,319.6,380.6,51.43,660.0,0.0,2588.14,2641.0
107.061,4.084732585,37.78,3.72,2800.14,926.52,3726.67,30598.25,4484.08,0.4374,0.0,0.0348,2.834,0.973,1.06,319.6,380.6,51.43,660.0,0.0,2821.25,3346.0
107.061,4.084732585,37.78,3.72,2800.14,926.52,3726.67,30598.25,4484.08,0.4374,0.0,0.0348,2.834,0.973,1.06,319.6,380.6,51.43,660.0,0.0,2821.25,3193.0
107.061,4.084732585,64.28,3.72,2800.14,1545.92,4346.06,21482.13,12980.8,0.7167,0.0,0.0348,1.666,0.973,1.06,319.6,380.6,51.43,660.0,0.0,2588.14,1091.0
107.061,4.084732585,64.28,3.72,2800.14,1545.92,4346.06,21482.13,12980.8,0.7167,0.0,0.0348,1.666,0.973,1.06,319.6,380.6,51.43,660.0,0.0,2588.14,1103.0
171.18,3.82,112.58,2.92,4154.47,2092.28,6246.75,50147.18,39817.35,0.6747,0.0,0.02,1.521,1.308,1.0,439.3,396.5,44.39,1050.0,0.0,4880.83,5499.0
171.18,3.82,112.58,2.92,4154.47,2092.28,6246.75,50147.18,39817.35,0.6747,0.0,0.02,1.521,1.308,1.0,439.3,396.5,44.39,1050.0,0.0,4880.83,5396.0
160.68,3.82,102.08,2.92,3902.45,1899.64,5802.09,46473.78,32736.42,0.6535,0.0,0.04,1.574,1.308,1.0,439.3,396.5,44.39,1050.0,0.0,4530.66,4942.0
160.68,3.82,102.08,2.92,3902.45,1899.64,5802.09,46473.78,32736.42,0.6535,0.0,0.04,1.574,1.308,1.0,439.3,396.5,44.39,1050.0,0.0,4530.66,4921.0
150.18,3.82,91.58,2.92,3650.43,1707.0,5357.42,42800.37,26348.21,0.6292,0.0,0.02,1.64,1.308,1.0,439.3,396.5,44.39,1050.0,0.0,4180.49,4569.0
150.18,3.82,91.58,2.92,3650.43,1707.0,5357.42,42800.37,26348.21,0.6292,0.0,0.02,1.64,1.308,1.0,439.3,396.5,44.39,1050.0,0.0,4180.49,4600.0
137.18,3.82,87.08,2.92,3338.41,1624.43,4962.84,33672.7,23822.47,0.6561,0.0,0.02,1.575,1.308,1.0,439.3,396.5,44.39,900.0,0.0,3605.48,3874.0
137.18,3.82,87.08,2.92,3338.41,1624.43,4962.84,33672.7,23822.47,0.6561,0.0,0.02,1.575,1.308,1.0,439.3,396.5,44.39,900.0,0.0,3605.48,4048.0
113.68,3.82,72.08,2.92,2774.36,1349.23,4123.6,22927.79,16322.23,0.6597,0.0,0.02,1.577,1.308,1.0,439.3,396.5,44.39,750.0,0.0,2771.58,3090.0
113.68,3.82,72.08,2.92,2774.36,1349.23,4123.6,22927.79,16322.23,0.6597,0.0,0.02,1.577,1.308,1.0,439.3,396.5,44.39,750.0,0.0,2771.58,3116.0
139.0,6.0,66.0,4.0,5353.27,1709.03,7062.3,45304.91,13684.78,0.5036,0.0,0.02,2.106,1.5,1.0,763.0,748.0,92.96,1500.0,0.0,9574.24,10438.1
139.0,6.0,81.0,4.0,5353.27,2086.02,7439.29,38000.7,20611.99,0.6115,0.0,0.02,1.716,1.5,1.0,763.0,748.0,92.96,1500.0,0.0,9177.26,9815.2
114.0,6.0,66.0,4.0,4410.8,1709.03,6119.82,25434.33,13684.78,0.614,0.0,0.02,1.727,1.5,1.0,763.0,748.0,92.96,1500.0,0.0,7008.05,8027.13
124.0,6.0,51.0,4.0,4787.79,1332.04,6119.82,38801.81,8171.28,0.4435,0.0,0.02,2.431,1.5,1.0,763.0,748.0,92.96,3000.0,0.0,8256.29,9645.8
139.0,6.0,66.0,4.0,5353.27,1709.03,7062.3,45304.91,13684.78,0.5036,0.0,0.02,2.106,1.5,1.0,763.0,748.0,92.96,1500.0,0.0,9574.24,11016.61
139.0,6.0,81.0,4.0,5353.27,2086.02,7439.29,38000.7,20611.99,0.6115,0.0,0.02,1.716,1.5,1.0,763.0,748.0,92.69,1500.0,0.0,9167.1,9836.21
114.0,6.0,66.0,4.0,4410.8,1709.03,6119.82,25434.33,13684.78,0.614,0.0,0.02,1.727,1.5,1.0,763.0,748.0,92.69,1500.0,0.0,7001.25,8112.2
124.0,6.0,51.0,4.0,4787.79,1332.04,6119.82,38801.81,8171.28,0.4435,0.0,0.02,2.431,1.5,1.0,763.0,748.0,92.69,3000.0,0.0,8245.91,9413.2
165.88,3.12,135.88,3.12,3282.42,2694.31,5976.73,25745.9,58004.4,0.838,0.0,0.02,1.221,1.0,1.0,788.0,788.0,107.82,1080.0,0.0,7485.54,6800.0
137.88,3.12,107.88,3.12,2733.52,2145.41,4878.93,21016.92,36562.15,0.805,0.0,0.02,1.278,1.0,1.0,788.0,788.0,107.82,900.0,0.0,6110.61,6051.0
137.88,3.12,107.03,3.97,2733.52,2719.3,5452.81,21016.92,35988.27,0.805,0.0,0.02,1.288,0.786,1.0,788.0,755.0,107.82,900.0,0.0,6473.09,6616.0
137.03,3.97,90.03,5.97,3467.62,3489.05,6956.67,30037.46,25463.87,0.7006,0.0,0.02,1.522,0.665,1.0,755.0,708.0,107.82,900.0,0.0,8326.9,9577.0
135.03,5.97,90.03,5.97,5177.03,3489.05,8666.08,28328.06,25463.87,0.711,0.0,0.02,1.5,1.0,1.0,708.0,708.0,107.82,900.0,0.0,9189.87,9950.0
87.22,2.78,64.72,2.78,1547.77,1154.76,2702.53,9585.25,13159.12,0.7739,0.0,0.02,1.348,1.0,1.0,281.0,281.0,52.94,1000.0,0.0,1266.88,1220.0
87.22,2.78,64.72,2.78,1547.77,1154.76,2702.53,9585.25,13159.12,0.7739,20.0,0.02,1.348,1.0,1.0,281.0,281.0,52.94,1000.0,0.02,1266.88,1020.0
87.22,2.78,64.72,2.78,1547.77,1154.76,2702.53,9585.25,13159.12,0.7739,40.0,0.02,1.348,1.0,1.0,281.0,281.0,52.94,1000.0,0.04,1266.88,780.0
87.22,2.78,64.72,2.78,1547.77,1154.76,2702.53,9585.25,13159.12,0.7739,60.0,0.02,1.348,1.0,1.0,281.0,281.0,52.94,1000.0,0.06,1266.88,570.0
84.72,2.78,62.22,2.78,1504.11,1111.09,2615.2,9275.48,12162.14,0.7672,0.0,0.02,1.362,1.0,1.0,281.0,281.0,52.94,1250.0,0.0,1225.94,1200.0
84.72,2.78,62.22,2.78,1504.11,1111.09,2615.2,9275.48,12162.14,0.7672,20.0,0.02,1.362,1.0,1.0,281.0,281.0,52.94,1250.0,0.016,1225.94,920.0
84.72,2.78,62.22,2.78,1504.11,1111.09,2615.2,9275.48,12162.14,0.7672,40.0,0.02,1.362,1.0,1.0,281.0,281.0,52.94,1250.0,0.032,1225.94,820.0
84.72,2.78,62.22,2.78,1504.11,1111.09,2615.2,9275.48,12162.14,0.7672,60.0,0.02,1.362,1.0,1.0,281.0,281.0,52.94,1250.0,0.048,1225.94,580.0
82.22,2.78,59.72,2.78,1460.44,1067.42,2527.86,8965.72,11204.42,0.7602,0.0,0.02,1.377,1.0,1.0,281.0,281.0,52.94,1500.0,0.0,1185.0,1140.0
82.22,2.78,59.72,2.78,1460.44,1067.42,2527.86,8965.72,11204.42,0.7602,20.0,0.02,1.377,1.0,1.0,281.0,281.0,52.94,1500.0,0.013333333,1185.0,860.0
82.22,2.78,59.72,2.78,1460.44,1067.42,2527.86,8965.72,11204.42,0.7602,40.0,0.02,1.377,1.0,1.0,281.0,281.0,52.94,1500.0,0.026666667,1185.0,720.0
82.22,2.78,59.72,2.78,1460.44,1067.42,2527.86,8965.72,11204.42,0.7602,60.0,0.02,1.377,1.0,1.0,281.0,281.0,52.94,1500.0,0.04,1185.0,560.0
167.0,3.0,134.5,2.5,4044.0,762.36,4806.36,127667.45,56832.2,0.8204,0.0,0.0396,1.242,1.2,1.0,326.67,336.67,30.74,1465.0,0.0,2636.19,2391.0
147.0,3.0,114.5,2.5,3564.0,648.2,4212.2,98186.74,41187.07,0.7959,0.0,0.0669,1.284,1.2,1.0,326.67,336.67,30.74,1465.0,0.0,2291.38,2350.0
167.0,3.0,124.5,2.5,4044.0,705.28,4749.28,125401.25,48695.47,0.7605,0.0,0.0396,1.341,1.2,1.0,326.67,336.67,30.74,1465.0,0.0,2838.25,2599.0
167.0,3.0,114.5,2.5,4044.0,648.2,4692.2,123306.74,41187.07,0.7006,0.0,0.0396,1.459,1.2,1.0,326.67,336.67,30.74,1465.0,0.0,3021.01,2885.0
166.5,3.5,134.0,3.0,4711.0,910.11,5621.11,127000.45,56410.44,0.8228,0.0,0.0396,1.243,1.167,1.0,350.0,350.0,30.74,1465.0,0.0,3053.58,2555.0
167.5,2.5,135.0,2.0,3375.0,613.03,3988.03,128336.45,57255.53,0.8179,0.0,0.0396,1.241,1.25,1.0,336.67,305.0,30.74,1465.0,0.0,2310.56,2094.0
196.0,3.0,163.5,2.5,4740.0,927.89,5667.89,177318.27,83981.84,0.8469,0.0,0.0,1.199,1.2,1.0,326.67,336.67,30.74,1465.0,0.0,3136.16,2844.0
77.22,2.78,49.72,2.78,1373.1,892.75,2265.85,10074.08,7766.26,0.6799,0.0,0.0196,1.553,1.0,1.0,281.0,281.0,40.4,510.0,0.0,1043.69,1228.0
77.22,2.78,49.72,2.78,1373.1,892.75,2265.85,10074.08,7766.26,0.6799,0.0,0.0196,1.553,1.0,1.0,281.0,281.0,40.4,510.0,0.0,1043.69,1229.0
77.22,2.78,57.72,2.78,1373.1,1032.49,2405.59,7234.08,10466.53,0.7835,0.0,0.0196,1.338,1.0,1.0,281.0,281.0,40.4,510.0,0.0,968.22,1108.0
77.22,2.78,57.72,2.78,1373.1,1032.49,2405.59,7234.08,10466.53,0.7835,0.0,0.0196,1.338,1.0,1.0,281.0,281.0,40.4,510.0,0.0,968.22,1100.0
81.72,2.78,52.72,2.78,1451.7,945.15,2396.86,11303.16,8731.74,0.6791,0.0,0.02,1.55,1.0,1.0,281.0,281.0,40.4,540.0,0.0,1130.16,1320.0
81.72,2.78,52.72,2.78,1451.7,945.15,2396.86,11303.16,8731.74,0.6791,0.0,0.02,1.55,1.0,1.0,281.0,281.0,40.4,540.0,0.0,1130.16,1380.0
81.72,2.78,61.22,2.78,1451.7,1093.62,2545.33,8112.09,11774.34,0.7832,0.0,0.02,1.335,1.0,1.0,281.0,281.0,40.4,540.0,0.0,1042.96,1152.0
81.72,2.78,61.22,2.78,1451.7,1093.62,2545.33,8112.09,11774.34,0.7832,0.0,0.02,1.335,1.0,1.0,281.0,281.0,40.4,540.0,0.0,1042.96,1170.0
86.72,2.78,56.22,2.78,1539.04,1006.29,2545.33,12690.02,9929.6,0.6804,0.0,0.0192,1.543,1.0,1.0,281.0,281.0,40.4,570.0,0.0,1227.9,1420.0
86.72,2.78,56.22,2.78,1539.04,1006.29,2545.33,12690.02,9929.6,0.6804,0.0,0.0192,1.543,1.0,1.0,281.0,281.0,40.4,570.0,0.0,1227.9,1360.0
86.72,2.78,65.22,2.78,1539.04,1163.49,2702.53,9099.18,13363.23,0.7841,0.0,0.0192,1.33,1.0,1.0,281.0,281.0,40.4,570.0,0.0,1127.01,1240.0
86.72,2.78,65.22,2.78,1539.04,1163.49,2702.53,9099.18,13363.23,0.7841,0.0,0.0192,1.33,1.0,1.0,281.0,281.0,40.4,570.0,0.0,1127.01,1270.0
134.42,4.08,37.46,3.04,3498.21,744.55,4242.76,51611.61,4408.44,0.3013,0.0,0.0256,3.588,1.342,1.0,697.5,704.2,41.1,900.0,0.0,5085.69,5780.0
134.42,4.08,77.96,3.04,3498.21,1518.14,5016.34,36152.62,19093.85,0.6026,0.0,0.0256,1.724,1.342,1.0,697.5,704.2,41.1,900.0,0.0,4995.04,5611.0
134.42,4.08,77.96,3.04,3498.21,1518.14,5016.34,36152.62,19093.85,0.6026,0.0,0.0256,1.724,1.342,1.0,697.5,704.2,41.1,900.0,0.0,4995.04,5486.5
134.42,4.08,118.46,3.04,3498.21,2291.72,5789.93,10387.63,44085.25,0.9039,0.0,0.0256,1.135,1.342,1.0,697.5,704.2,41.1,900.0,0.0,4480.79,4351.4
134.42,4.08,118.46,3.04,3498.21,2291.72,5789.93,10387.63,44085.25,0.9039,0.0,0.0256,1.135,1.342,1.0,697.5,704.2,41.1,900.0,0.0,4480.79,4090.3
134.42,4.08,118.46,3.04,3498.21,2291.72,5789.93,10387.63,44085.25,0.9039,0.0,0.0256,1.135,1.342,1.0,697.5,704.2,44.39,900.0,0.0,4514.97,4587.4
134.42,4.08,118.46,3.04,3498.21,2291.72,5789.93,10387.63,44085.25,0.9039,0.0,0.0256,1.135,1.342,1.0,697.5,704.2,41.1,900.0,0.0,4480.79,4304.7
145.92,4.08,48.96,3.04,3793.01,964.21,4757.23,58397.95,7530.65,0.3564,0.0,0.0,2.98,1.342,1.0,697.5,704.2,41.1,900.0,0.0,5724.94,6172.8
145.92,4.08,89.46,3.04,3793.01,1737.8,5530.81,40012.57,25142.45,0.6339,0.0,0.0,1.631,1.342,1.0,697.5,704.2,41.1,900.0,0.0,5514.01,5945.7
145.92,4.08,129.96,3.04,3793.01,2511.38,6304.4,11321.19,53060.25,0.9115,0.0,0.0,1.123,1.342,1.0,697.5,704.2,41.1,900.0,0.0,4879.48,4594.7
145.92,4.08,129.96,3.04,3793.01,2511.38,6304.4,11321.19,53060.25,0.9115,0.0,0.0,1.123,1.342,1.0,697.5,704.2,41.1,900.0,0.0,4879.48,4550.2
171.18,3.82,112.58,2.92,4154.47,2092.28,6246.75,50147.18,39817.35,0.6747,0.0,0.0,1.521,1.308,1.0,439.3,396.5,42.07,1050.0,0.0,4764.19,5499.0
160.68,3.82,102.08,2.92,3902.45,1899.64,5802.09,46473.78,32736.42,0.6535,0.0,0.02,1.574,1.308,1.0,439.3,396.5,42.07,1050.0,0.0,4422.57,4942.0
150.18,3.82,91.58,2.92,3650.43,1707.0,5357.42,42800.37,26348.21,0.6292,0.0,0.04,1.64,1.308,1.0,439.3,396.5,42.07,1050.0,0.0,4080.95,4569.0
137.18,3.82,87.08,2.92,3338.41,1624.43,4962.84,33672.7,23822.47,0.6561,0.0,0.02,1.575,1.308,1.0,439.3,396.5,42.07,900.0,0.0,3527.16,3874.0
81.72,2.78,58.22,2.78,1451.7,1041.22,2492.93,9290.19,10648.64,0.7465,0.0,0.02,1.404,1.0,1.0,281.0,281.0,52.94,540.0,0.0,1192.36,1320.0
81.72,2.78,66.72,2.78,1451.7,1189.69,2641.4,5805.38,13984.98,0.8505,0.0,0.02,1.225,1.0,1.0,281.0,281.0,52.94,540.0,0.0,1049.59,1152.0
86.22,2.78,61.72,2.78,1530.31,1102.36,2632.66,10284.44,11967.45,0.7481,0.0,0.0193,1.397,1.0,1.0,281.0,281.0,52.94,570.0,0.0,1284.27,1420.0
86.22,2.78,70.72,2.78,1530.31,1259.56,2789.87,6382.58,15712.11,0.8525,0.0,0.0193,1.219,1.0,1.0,281.0,281.0,52.94,570.0,0.0,1121.87,1240.0
214.21,2.79,169.21,2.79,3779.57,2990.72,6770.29,51214.0,89950.16,0.803,0.0,0.02,1.266,1.0,1.0,465.0,465.0,41.33,1400.0,0.0,5264.61,4409.0
214.21,2.79,169.21,2.79,3779.57,2990.72,6770.29,51214.0,89950.16,0.803,0.0,0.02,1.266,1.0,1.0,465.0,465.0,41.33,1400.0,0.0,5264.61,4570.0
213.18,3.82,169.21,2.79,5162.54,2990.72,8153.26,49831.04,89950.16,0.8068,0.0,0.02,1.26,1.369,1.0,383.0,465.0,41.33,1400.0,0.0,5427.21,4978.0
213.18,3.82,169.21,2.79,5162.54,2990.72,8153.26,49831.04,89950.16,0.8068,0.0,0.02,1.26,1.369,1.0,383.0,465.0,41.33,1400.0,0.0,5427.21,5102.0
211.2,5.8,169.21,2.79,7802.33,2990.72,10793.05,47191.25,89950.16,0.8144,0.0,0.02,1.248,2.079,1.0,370.0,465.0,41.33,1400.0,0.0,6227.73,5909.0
211.2,5.8,144.21,2.79,7802.33,2552.47,10354.8,72245.45,65334.21,0.696,0.0,0.02,1.465,2.079,1.0,370.0,465.0,41.33,1400.0,0.0,7059.31,6670.0
211.2,5.8,143.18,3.82,7802.33,3482.42,11284.75,72245.45,64404.26,0.696,0.0,0.02,1.475,1.518,1.0,370.0,383.0,41.33,1400.0,0.0,7206.18,6714.0
211.2,5.8,141.2,5.8,7802.33,5251.36,13053.69,72245.45,62635.32,0.696,0.0,0.02,1.496,1.0,1.0,370.0,370.0,41.33,1400.0,0.0,7815.42,7827.0
174.42,3.08,138.42,3.08,3196.35,2708.54,5904.88,19505.36,60193.22,0.8113,0.0,0.02,1.26,1.0,1.0,521.0,521.0,41.33,1150.0,0.0,4535.47,2208.0
174.42,3.08,138.42,3.08,3196.35,2708.54,5904.88,19505.36,60193.22,0.8113,0.0,0.02,1.26,1.0,1.0,521.0,521.0,41.33,1150.0,0.0,4535.47,4511.0
