"R e,out","t e,out","R e,in","t e,in",e,"fy,out","fy,in","fc,ref",L/r,ke,N0,Nexp
36.37,1.03,30.0,1.0,0.0,486.0,470.0,52.74,9.594277985,1.0,266.03,283.0
36.38,0.97,30.06,0.94,0.0,486.0,470.0,52.74,9.594535306,1.0,254.01,285.0
36.41,1.29,30.12,1.23,0.0,486.0,470.0,52.74,9.532755984,1.0,314.42,348.0
36.41,1.19,30.0,1.2,0.0,486.0,470.0,52.74,9.563085812,1.0,301.28,348.0
36.37,1.78,30.0,1.0,0.0,486.0,470.0,52.74,9.478170384,1.0,352.54,395.0
36.41,1.74,30.06,0.94,0.0,512.0,470.0,52.74,9.470903974,1.0,353.86,395.0
39.6,0.9,30.0,1.0,0.0,524.0,470.0,52.74,9.126814667,1.0,309.35,330.0
39.63,0.87,30.06,0.94,0.0,524.0,470.0,52.74,9.120369618,1.0,300.51,335.0
39.64,1.11,30.21,1.14,0.0,524.0,470.0,52.74,9.068197494,1.0,348.03,386.0
39.61,1.14,29.97,1.13,0.0,524.0,470.0,52.74,9.093745646,1.0,352.41,395.0
42.71,0.99,30.03,0.87,0.0,428.0,452.0,52.74,8.675390071,1.0,334.35,378.0
42.71,0.94,29.92,0.88,0.0,428.0,452.0,52.74,8.692371105,1.0,330.1,385.0
42.69,1.26,29.81,0.89,0.0,428.0,452.0,52.74,8.661927326,1.0,369.07,432.0
42.78,1.17,29.75,0.85,0.0,444.0,452.0,52.74,8.667437857,1.0,362.49,408.0
49.26,0.59,39.6,0.55,0.0,409.0,474.0,52.74,7.225366243,1.0,275.42,283.0
49.26,0.69,42.79,0.61,0.0,409.0,444.0,52.74,6.993840653,1.0,251.27,299.0
49.24,0.71,39.58,0.67,0.0,409.0,474.0,52.74,7.217896273,1.0,303.45,357.0
49.25,0.7,36.38,0.62,0.0,409.0,512.0,52.74,7.44408035,1.0,337.48,380.0
49.24,0.66,30.15,0.55,0.0,409.0,432.0,52.74,7.890058609,1.0,375.08,443.0
49.24,1.61,30.19,0.56,0.0,409.0,432.0,52.74,7.778572892,1.0,498.45,644.0
42.85,1.55,30.59,1.16,0.0,286.0,216.0,52.74,8.531535297,1.0,307.79,357.0
49.14,1.56,30.55,1.15,0.0,255.0,216.0,52.74,7.771205252,1.0,406.97,477.0
49.1,1.65,36.86,1.19,0.0,255.0,235.0,52.74,7.333795243,1.0,357.37,417.0
55.51,1.64,30.63,1.12,0.0,262.0,216.0,52.74,7.09430997,1.0,543.04,598.0
55.51,1.64,36.91,1.14,0.0,262.0,235.0,52.74,6.761436034,1.0,485.85,551.0
55.51,1.64,42.89,1.56,0.0,262.0,286.0,52.74,6.437705652,1.0,457.69,524.0
171.18,3.82,112.58,2.92,0.0,439.3,396.5,42.0,10.09204313,1.0,4760.83,5448.0
148.0,2.0,88.0,2.0,0.0,290.0,290.0,22.4,10.35029874,1.0,1838.74,2141.0
146.0,4.0,88.0,2.0,0.0,290.0,290.0,22.4,10.35029874,1.0,2333.07,2693.0
51.35,5.9,21.4,2.8,0.0,454.0,425.0,52.28,13.08923447,1.0,1421.25,1415.0
52.6,4.7,21.4,2.8,0.0,416.0,425.0,52.28,13.07921626,1.0,1203.77,1380.0
79.05,3.5,47.8,3.1,0.0,433.0,410.0,52.28,8.386583317,1.0,1764.32,1705.0
53.7,3.5,21.4,2.8,0.0,453.0,425.0,52.28,13.09927755,1.0,1100.31,1191.0
54.1,3.0,21.4,2.8,0.0,430.0,425.0,52.28,13.11938659,1.0,1005.66,1100.0
79.75,2.9,47.8,3.1,0.0,395.0,410.0,52.28,8.378980935,1.0,1597.62,1591.0
87.0,3.0,21.0,3.0,0.0,275.9,396.1,39.66,11.68609497,1.0,1499.54,1790.0
87.0,3.0,21.0,3.0,0.0,275.9,396.1,39.66,11.68609497,1.0,1499.54,1791.0
87.0,3.0,41.0,3.0,0.0,275.9,370.2,39.66,10.92023768,1.0,1458.67,1648.0
87.0,3.0,41.0,3.0,0.0,275.9,370.2,39.66,10.92023768,1.0,1458.67,1650.0
87.0,3.0,67.0,3.0,0.0,275.9,342.0,39.66,9.625606825,1.0,1234.38,1435.0
87.0,3.0,67.0,3.0,0.0,275.9,342.0,39.66,9.625606825,1.0,1234.38,1358.0
54.0,3.0,26.0,3.0,0.0,294.5,374.5,39.66,10.91782325,1.0,760.75,904.0
54.0,3.0,26.0,3.0,0.0,294.5,374.5,39.66,10.91782325,1.0,760.75,898.0
117.0,3.0,54.0,3.0,0.0,275.9,294.5,39.66,10.94305806,1.0,2225.13,2421.0
117.0,3.0,54.0,3.0,0.0,275.9,294.5,39.66,10.94305806,1.0,2225.13,2460.0
147.0,3.0,79.5,3.0,0.0,275.9,320.5,39.66,10.60287441,1.0,3105.98,3331.0
147.0,3.0,79.5,3.0,0.0,275.9,320.5,39.66,10.60287441,1.0,3105.98,3266.0
54.0,3.0,26.0,3.0,4.0,294.5,374.5,38.64,28.31610883,1.0,754.14,664.0
54.0,3.0,26.0,3.0,4.0,294.5,374.5,38.64,28.31610883,1.0,754.14,638.0
54.0,3.0,26.0,3.0,14.0,294.5,374.5,38.64,28.31610883,1.0,754.14,536.0
54.0,3.0,26.0,3.0,14.0,294.5,374.5,38.64,28.31610883,1.0,754.14,549.0
54.0,3.0,26.0,3.0,45.0,294.5,374.5,38.64,28.31610883,1.0,754.14,312.0
54.0,3.0,26.0,3.0,45.0,294.5,374.5,38.64,28.31610883,1.0,754.14,312.0
54.0,3.0,26.0,3.0,0.0,294.5,374.5,38.64,56.50452382,1.0,754.14,620.0
54.0,3.0,26.0,3.0,0.0,294.5,374.5,38.64,56.50452382,1.0,754.14,595.0
54.0,3.0,26.0,3.0,15.5,294.5,374.5,38.64,56.50452382,1.0,754.14,400.0
54.0,3.0,26.0,3.0,15.5,294.5,374.5,38.64,56.50452382,1.0,754.14,394.0
54.0,3.0,26.0,3.0,45.0,294.5,374.5,38.64,56.50452382,1.0,754.14,228.0
57.0,3.0,13.0,3.0,0.0,275.9,422.3,39.11,11.72788073,1.0,787.36,1054.0
57.0,3.0,26.0,3.0,0.0,275.9,374.5,39.11,11.01066935,1.0,794.2,990.0
57.0,3.0,41.0,3.0,0.0,275.9,370.2,39.11,9.907738737,1.0,762.11,870.0
87.0,3.0,41.0,3.0,0.0,275.9,370.2,39.11,7.280158456,1.0,1448.86,1725.0
78.1,0.9,18.1,0.9,0.0,221.0,221.0,18.7,11.69692447,1.0,121.35,635.0
78.6,0.9,37.1,0.9,0.0,221.0,221.0,18.7,10.87419718,1.0,145.72,540.0
78.6,0.9,56.1,0.9,0.0,221.0,221.0,18.7,9.804640035,1.0,169.46,378.0
77.5,1.5,18.0,1.5,0.0,308.0,308.0,18.7,11.7001365,1.0,281.57,852.0
77.5,1.5,37.0,1.5,0.0,308.0,308.0,18.7,10.8671589,1.0,336.73,728.0
77.5,1.5,55.5,1.5,0.0,308.0,308.0,18.7,9.819090925,1.0,390.43,589.0
76.86,2.14,17.86,2.14,0.0,286.0,286.0,18.7,11.7046121,1.0,372.48,968.0
76.86,2.14,36.36,2.14,0.0,286.0,286.0,18.7,10.90083798,1.0,443.62,879.0
76.36,2.14,55.36,2.14,0.0,286.0,286.0,18.7,9.806656399,1.0,514.77,704.0
117.0,3.0,57.0,3.0,0.0,280.0,280.0,29.0,10.8393301,1.0,1853.35,1990.0
117.0,3.0,57.0,3.0,0.0,280.0,280.0,29.0,10.8393301,1.0,1853.35,1990.0
117.0,3.0,37.0,3.0,0.0,280.0,280.0,29.0,11.46727942,1.0,1930.01,2207.0
117.0,3.0,37.0,3.0,0.0,280.0,280.0,29.0,11.46727942,1.0,1930.01,2207.0
116.0,4.0,56.0,4.0,0.0,280.0,280.0,29.0,10.87419773,1.0,2136.48,2517.0
116.0,4.0,56.0,4.0,0.0,280.0,280.0,29.0,10.87419773,1.0,2136.48,2517.0
116.0,4.0,36.0,4.0,0.0,280.0,280.0,29.0,11.49391541,1.0,2177.95,2735.0
116.0,4.0,36.0,4.0,0.0,280.0,280.0,29.0,11.49391541,1.0,2177.95,2735.0
106.38,3.62,75.78,3.72,0.0,319.6,380.6,51.43,9.881996771,1.0,2284.45,2537.0
106.38,3.62,75.78,3.72,0.0,319.6,380.6,51.43,9.881996771,1.0,2284.45,2566.0
106.38,3.62,49.28,3.72,0.0,319.6,380.6,51.43,10.95123826,1.0,2616.04,3436.0
106.38,3.62,49.28,3.72,0.0,319.6,380.6,51.43,10.95123826,1.0,2616.04,3506.0
106.38,3.62,75.78,3.72,0.0,319.6,380.6,51.43,9.881996771,1.0,2284.45,1552.0
106.38,3.62,75.78,3.72,0.0,319.6,380.6,51.43,9.881996771,1.0,2284.45,1561.0
171.18,3.82,112.58,2.92,0.0,439.3,396.5,36.9,10.09204313,1.0,4504.95,5499.0
171.18,3.82,112.58,2.92,0.0,439.3,396.5,36.9,10.09204313,1.0,4504.95,5396.0
58.04,1.96,28.04,1.96,0.0,311.0,380.0,25.9,39.98267851,1.0,562.69,578.0
58.04,1.96,28.04,1.96,0.0,311.0,380.0,49.08,39.98267851,1.0,742.45,715.0
66.6,3.0,36.1,2.0,0.0,418.0,324.0,23.53,25.45751489,1.0,908.18,1059.2
66.6,3.0,36.1,2.0,0.0,418.0,324.0,23.53,25.53404049,1.0,908.18,1056.1
66.6,3.0,36.1,2.0,0.0,418.0,324.0,23.53,38.26279794,1.0,908.18,905.5
66.6,3.0,36.1,2.0,0.0,418.0,324.0,23.53,38.33932353,1.0,908.18,901.6
66.6,3.0,36.1,2.0,0.0,418.0,324.0,23.53,51.01706391,1.0,908.18,831.7
66.6,3.0,36.1,2.0,0.0,418.0,324.0,23.53,50.96604685,1.0,908.18,837.4
66.6,3.0,36.1,2.0,0.0,418.0,324.0,23.53,63.82234696,1.0,908.18,732.1
66.6,3.0,36.1,2.0,0.0,418.0,324.0,23.53,63.72031283,1.0,908.18,729.0
73.2,3.0,36.1,2.0,0.0,549.0,324.0,23.53,23.79067434,1.0,1212.83,1263.5
73.2,3.0,36.1,2.0,0.0,549.0,324.0,23.53,23.76695483,1.0,1212.83,1254.9
73.2,3.0,36.1,2.0,0.0,549.0,324.0,23.53,35.50811515,1.0,1212.83,1195.6
73.2,3.0,36.1,2.0,0.0,549.0,324.0,23.53,35.65043224,1.0,1212.83,1191.2
73.2,3.0,36.1,2.0,0.0,549.0,324.0,23.53,47.36787304,1.0,1212.83,1047.3
73.2,3.0,36.1,2.0,0.0,549.0,324.0,23.53,47.43903159,1.0,1212.83,1041.6
73.2,3.0,36.1,2.0,0.0,549.0,324.0,23.53,59.25135046,1.0,1212.83,941.4
73.2,3.0,36.1,2.0,0.0,549.0,324.0,23.53,59.29878949,1.0,1212.83,949.0
79.55,3.0,36.1,2.0,0.0,516.0,324.0,23.53,22.15357163,1.0,1299.82,1512.3
79.55,3.0,36.1,2.0,0.0,516.0,324.0,23.53,22.17576959,1.0,1299.82,1510.6
79.55,3.0,36.1,2.0,0.0,516.0,324.0,23.53,33.38574321,1.0,1299.82,1286.4
79.55,3.0,36.1,2.0,0.0,516.0,324.0,23.53,33.25255541,1.0,1299.82,1275.1
79.55,3.0,36.1,2.0,0.0,516.0,324.0,23.53,44.46252903,1.0,1299.82,1187.2
79.55,3.0,36.1,2.0,0.0,516.0,324.0,23.53,44.35153919,1.0,1299.82,1199.8
79.55,3.0,36.1,2.0,0.0,516.0,324.0,23.53,55.45052297,1.0,1299.82,1028.0
79.55,3.0,36.1,2.0,0.0,516.0,324.0,23.53,55.53931484,1.0,1299.82,1036.5
93.35,3.5,36.1,2.0,0.0,391.0,324.0,23.53,19.40803719,1.0,1505.58,2010.0
93.35,3.5,36.1,2.0,0.0,391.0,324.0,23.53,19.34998722,1.0,1505.58,2030.0
93.35,3.5,36.1,2.0,0.0,391.0,324.0,23.53,29.06368081,1.0,1505.58,1730.0
93.35,3.5,36.1,2.0,0.0,391.0,324.0,23.53,29.02498084,1.0,1505.58,1720.0
93.35,3.5,36.1,2.0,0.0,391.0,324.0,23.53,38.66127448,1.0,1505.58,1581.6
93.35,3.5,36.1,2.0,0.0,391.0,324.0,23.53,38.75802441,1.0,1505.58,1584.1
93.35,3.5,36.1,2.0,0.0,391.0,324.0,23.53,48.43301802,1.0,1505.58,1451.4
93.35,3.5,36.1,2.0,0.0,391.0,324.0,23.53,48.3169181,1.0,1505.58,1458.7
54.38,2.87,21.22,2.73,0.0,270.3,306.8,32.9,13.10269505,1.0,637.27,909.0
80.72,3.18,47.8,2.8,0.0,280.1,324.1,32.9,8.284906928,1.0,1150.0,1409.0
54.26,2.79,22.38,3.07,0.0,280.7,228.2,39.4,13.05426117,1.0,663.38,852.0
80.98,3.22,48.16,2.79,0.0,281.1,225.7,39.4,8.247409761,1.0,1156.16,1314.0
67.5,2.5,55.0,2.0,0.0,307.0,321.0,32.47,9.435823091,1.0,690.78,755.0
67.5,2.5,55.0,2.0,0.0,307.0,321.0,32.47,9.435823091,1.0,690.78,701.0
67.5,2.5,36.4,1.6,0.0,307.0,429.0,32.47,10.6466019,1.0,809.46,942.0
67.5,2.5,36.4,1.6,0.0,307.0,429.0,32.47,10.6466019,1.0,809.46,928.0
217.0,8.0,192.0,8.0,0.0,365.0,363.0,35.36,4.73316154,1.0,8418.41,8906.0
217.0,8.0,192.0,8.0,0.0,365.0,363.0,35.36,4.73316154,1.0,8418.41,8774.0
49.2,1.7,23.27,1.53,0.0,353.3,376.5,36.42,10.72060734,1.0,482.45,583.0
49.2,1.7,22.38,3.07,0.0,353.3,228.9,36.42,10.79082005,1.0,497.32,634.0
48.16,2.79,23.27,1.53,0.0,226.0,376.5,36.42,10.71190436,1.0,478.32,593.0
48.16,2.79,22.38,3.07,0.0,226.0,228.9,36.42,10.78194505,1.0,493.18,681.0
54.26,2.79,23.27,1.53,0.0,281.2,376.5,36.42,11.36118881,1.0,627.82,804.0
54.26,2.79,22.38,3.07,0.0,281.2,228.9,36.42,11.42247853,1.0,642.69,891.0
74.7,1.6,23.27,1.53,0.0,314.5,376.5,36.42,11.2824962,1.0,893.77,1055.0
74.7,1.6,36.44,1.66,0.0,314.5,398.9,36.42,10.64394774,1.0,866.13,997.0
74.7,1.6,49.2,1.7,0.0,314.5,353.3,36.42,9.913281418,1.0,769.6,825.0
74.7,1.6,48.16,2.79,0.0,314.5,226.0,36.42,9.974739008,1.0,776.47,882.0
80.98,3.22,23.27,1.53,0.0,281.5,376.5,36.42,10.30262737,1.0,1237.3,1569.0
80.98,3.22,36.44,1.66,0.0,281.5,398.9,36.42,9.809583317,1.0,1209.65,1470.0
80.98,3.22,41.38,3.22,0.0,281.5,259.2,36.42,9.592973052,1.0,1218.53,1464.0
80.98,3.22,49.2,1.7,0.0,281.5,353.3,36.42,8.305930194,1.0,1113.12,1332.0
80.98,3.22,48.16,2.79,0.0,281.5,226.0,36.42,9.278335981,1.0,1119.99,1354.0
80.98,3.22,54.26,2.79,0.0,281.5,281.2,36.42,8.984834529,1.0,1122.64,1319.0
99.36,1.99,22.38,3.07,0.0,304.0,228.9,36.42,7.707756158,1.0,1542.49,1653.0
99.36,1.99,36.44,1.66,0.0,304.0,398.9,36.42,7.427910277,1.0,1499.98,1658.0
99.36,1.99,48.16,2.79,0.0,304.0,226.0,36.42,7.129454623,1.0,1410.32,1625.0
99.36,1.99,74.7,1.6,0.0,304.0,314.5,36.42,6.354027924,1.0,1083.63,1142.0
172.5,5.5,106.2,3.3,0.0,618.0,356.0,38.83,10.30520861,1.0,4538.83,7242.0
172.5,5.5,106.2,3.3,0.0,618.0,356.0,38.83,10.30520861,1.0,4538.83,7159.0
172.5,5.5,80.7,3.3,0.0,618.0,356.0,38.83,10.9292288,1.0,4350.6,8516.0
51.3,5.85,27.63,2.52,0.0,455.0,396.0,36.2,10.80363082,1.0,1283.93,1422.0
51.3,5.85,24.38,5.77,0.0,455.0,310.0,36.2,11.03761502,1.0,1409.21,1574.0
54.42,2.73,27.63,2.52,0.0,285.0,396.0,36.2,10.80363082,1.0,687.28,735.0
54.42,2.73,24.38,5.77,0.0,285.0,310.0,36.2,11.03761502,1.0,812.56,913.0
51.3,5.85,27.63,2.52,0.0,455.0,396.0,60.6,10.80363082,1.0,1415.98,1506.0
51.3,5.85,24.38,5.77,0.0,455.0,310.0,60.6,11.03761502,1.0,1541.26,1666.0
54.42,2.73,27.63,2.52,0.0,285.0,396.0,60.6,10.80363082,1.0,844.61,899.0
54.42,2.73,24.38,5.77,0.0,285.0,310.0,60.6,11.03761502,1.0,969.9,1088.0
67.18,2.92,6.96,4.09,0.0,300.0,794.0,40.5,9.936875351,1.0,1120.23,1410.0
67.19,2.91,6.95,4.1,0.0,300.0,794.0,79.9,9.937015598,1.0,1663.17,1845.0
67.21,2.89,6.97,4.08,0.0,300.0,794.0,115.6,9.936738363,1.0,2153.55,2321.0
67.26,2.89,10.52,5.48,0.0,300.0,619.0,40.5,9.868269974,1.0,1199.91,1423.0
67.18,2.92,10.68,5.27,0.0,300.0,619.0,79.9,9.871821115,1.0,1719.71,2012.0
67.14,2.91,10.59,5.36,0.0,300.0,619.0,115.6,9.880591307,1.0,2197.58,2537.0
67.14,2.91,11.42,7.63,0.0,300.0,433.0,40.5,9.862659464,1.0,1219.88,1626.0
67.15,2.9,11.49,7.51,0.0,300.0,433.0,79.9,9.861089313,1.0,1727.71,2083.0
67.2,2.9,11.56,7.39,0.0,300.0,433.0,115.6,9.852666104,1.0,2191.57,2500.0
67.2,2.9,16.93,10.62,0.0,300.0,739.0,40.5,9.706661201,1.0,1949.96,2543.0
67.15,2.9,16.84,10.76,0.0,300.0,739.0,79.9,9.716052834,1.0,2425.78,2775.0
67.18,2.87,40.61,3.89,0.0,300.0,1029.0,40.5,8.645156674,1.0,1763.74,2025.0
67.19,2.86,40.64,3.91,0.0,300.0,1029.0,79.9,8.643549046,1.0,2081.73,2107.0
67.22,2.88,40.64,3.91,0.0,300.0,1029.0,115.6,8.638933188,1.0,2369.73,2195.0
79.71,2.94,6.86,4.14,0.0,300.0,794.0,40.5,9.959700709,1.0,1427.33,1750.0
79.66,2.94,6.96,4.09,0.0,300.0,794.0,79.9,9.964688176,1.0,2195.55,2413.0
79.71,2.94,7.01,4.04,0.0,300.0,794.0,115.6,9.958196154,1.0,2894.99,2911.0
79.72,2.93,10.6,5.35,0.0,276.0,619.0,40.5,9.912757781,1.0,1464.97,1943.0
79.71,2.94,10.56,5.39,0.0,276.0,619.0,40.5,9.913362245,1.0,1467.8,1891.0
79.71,2.94,10.65,5.25,0.0,276.0,619.0,79.9,9.911998944,1.0,2216.35,2550.0
79.83,2.92,40.58,3.92,0.0,276.0,1029.0,40.5,8.962232037,1.0,2048.67,2375.0
79.79,2.91,40.64,3.91,0.0,276.0,1029.0,79.9,8.96402817,1.0,2586.66,2580.0
79.68,2.92,40.57,3.88,0.0,276.0,1029.0,115.6,8.975777922,1.0,3065.44,2671.0
78.92,3.68,18.06,3.19,0.0,357.7,409.8,53.7,13.48293442,1.0,1803.94,2060.0
78.76,3.69,18.15,3.2,0.0,357.7,409.8,53.7,13.50325555,1.0,1800.78,2003.0
78.82,3.68,18.09,3.21,0.0,357.7,409.8,90.7,13.4975092,1.0,2470.84,2423.0
78.85,3.7,18.16,3.19,0.0,357.7,409.8,90.7,13.48731133,1.0,2475.02,2446.0
78.71,3.69,18.1,3.2,0.0,357.7,409.8,141.0,13.51279396,1.0,3373.68,3068.0
78.76,3.69,18.05,3.2,0.0,357.7,409.8,141.0,13.50668846,1.0,3378.11,3110.0
78.8,3.7,35.2,2.8,0.0,357.7,385.6,53.7,12.70965976,1.0,1722.85,1831.0
78.8,3.7,35.31,2.79,0.0,357.7,385.6,53.7,12.70354015,1.0,1721.39,1876.0
78.88,3.67,35.24,2.81,0.0,357.7,385.6,90.7,12.7009268,1.0,2275.58,2174.0
78.91,3.69,35.4,2.8,0.0,357.7,385.6,90.7,12.68553512,1.0,2277.79,2202.0
78.72,3.68,35.35,2.8,0.0,357.7,385.6,141.0,12.71433249,1.0,3015.83,2732.0
78.64,3.71,35.27,2.78,0.0,357.7,385.6,141.0,12.72532805,1.0,3016.13,2736.0
76.69,5.96,35.26,2.79,0.0,347.0,385.6,53.7,12.68681713,1.0,2031.02,2183.0
76.51,5.99,35.29,2.81,0.0,347.0,385.6,53.7,12.70465548,1.0,2030.83,2203.0
76.44,6.01,35.15,2.8,0.0,347.0,385.6,90.7,12.71896647,1.0,2543.54,2666.0
76.4,6.0,35.1,2.8,0.0,347.0,385.6,90.7,12.72828207,1.0,2540.22,2631.0
76.44,6.01,35.19,2.81,0.0,347.0,385.6,141.0,12.71673946,1.0,3238.8,3110.0
76.4,6.0,35.27,2.78,0.0,347.0,385.6,141.0,12.71879909,1.0,3229.87,3032.0
76.65,5.95,35.26,2.79,0.0,428.6,385.6,53.7,12.69331245,1.0,2270.51,2645.0
76.54,5.96,35.21,2.79,0.0,428.6,385.6,53.7,12.709108,1.0,2268.43,2601.0
76.51,5.99,35.1,2.8,0.0,428.6,385.6,90.7,12.71521795,1.0,2788.76,2971.0
76.49,6.01,35.17,2.78,0.0,428.6,385.6,90.7,12.71133044,1.0,2789.57,2911.0
76.61,5.94,35.15,2.8,0.0,428.6,385.6,141.0,12.70592621,1.0,3482.74,3322.0
76.43,6.02,35.25,2.8,0.0,428.6,385.6,141.0,12.71339598,1.0,3482.72,3304.0
90.15,5.15,13.92,3.08,0.0,346.9,348.2,37.5,11.87400211,1.0,2068.42,2718.0
90.12,5.13,13.85,3.1,0.0,346.9,348.2,37.5,11.8751185,1.0,2063.76,2724.0
90.1,5.15,26.48,3.32,0.0,346.9,342.1,37.5,11.56153621,1.0,2092.86,2718.0
89.06,5.04,26.27,3.28,0.0,346.9,342.1,37.5,11.5580518,1.0,2034.37,2482.0
90.24,5.11,46.77,4.03,0.0,346.9,345.8,37.5,10.77371704,1.0,2116.04,2626.0
89.52,5.08,46.55,4.05,0.0,346.9,345.8,37.5,10.76705395,1.0,2089.25,2462.0
89.36,5.09,13.76,3.09,0.0,464.0,348.2,37.5,11.87464711,1.0,2374.57,3182.0
89.33,5.12,13.69,3.06,0.0,464.0,348.2,37.5,11.87589818,1.0,2380.57,3232.0
90.35,5.15,26.39,3.31,0.0,464.0,342.1,37.5,11.56650899,1.0,2452.51,3286.0
89.94,5.11,26.26,3.29,0.0,464.0,342.1,37.5,11.56668572,1.0,2425.41,3242.0
90.2,5.15,46.45,4.1,0.0,464.0,345.8,37.5,10.78799109,1.0,2482.46,3082.0
90.26,5.09,46.38,4.07,0.0,464.0,345.8,37.5,10.79110966,1.0,2465.23,3192.0
90.05,5.15,26.62,3.33,0.0,346.9,342.1,29.0,11.55670207,1.0,1899.24,2460.0
89.89,5.11,26.24,3.31,0.0,346.9,342.1,29.0,11.56687778,1.0,1884.72,2494.0
89.45,5.1,26.35,3.35,0.0,346.9,342.1,37.5,11.55949695,1.0,2063.2,2623.0
89.98,5.07,26.5,3.35,0.0,346.9,342.1,37.5,11.55915999,1.0,2074.11,2588.0
89.83,5.12,26.14,3.31,0.0,346.9,342.1,51.0,11.56956919,1.0,2382.74,2950.0
89.22,5.08,26.12,3.33,0.0,346.9,342.1,51.0,11.56456483,1.0,2351.33,3026.0
90.89,4.26,26.34,3.36,0.0,336.8,342.1,37.5,11.56504733,1.0,1910.24,2376.0
90.84,4.21,26.35,3.3,0.0,336.8,342.1,37.5,11.56386962,1.0,1895.25,2406.0
89.73,5.12,26.43,3.32,0.0,346.9,342.1,37.5,11.55960833,1.0,2074.66,2611.0
89.32,5.08,26.44,3.31,0.0,346.9,342.1,37.5,11.55531425,1.0,2052.64,2579.0
87.78,6.77,26.51,3.34,0.0,327.3,342.1,37.5,11.55442416,1.0,2274.34,2894.0
87.57,6.73,26.57,3.33,0.0,327.3,342.1,37.5,11.55027207,1.0,2258.76,2928.0
55.12,1.88,21.48,2.52,4.0,322.0,276.0,47.01,26.26697638,1.0,676.24,632.0
55.12,1.88,21.48,2.52,4.0,322.0,276.0,47.01,26.26697638,1.0,676.24,686.0
55.12,1.88,35.99,2.01,14.0,322.0,275.0,47.01,23.73489761,1.0,577.16,418.0
55.12,1.88,35.99,2.01,14.0,322.0,275.0,47.01,23.73489761,1.0,577.16,424.0
55.12,1.88,21.48,2.52,4.0,322.0,276.0,47.01,42.68383662,1.0,676.24,534.0
55.12,1.88,21.48,2.52,4.0,322.0,276.0,47.01,42.68383662,1.0,676.24,553.0
55.12,1.88,35.99,2.01,14.0,322.0,275.0,47.01,38.56920862,1.0,577.16,354.0
55.12,1.88,35.99,2.01,14.0,322.0,275.0,47.01,38.56920862,1.0,577.16,381.0
55.12,1.88,21.48,2.52,4.0,322.0,276.0,47.01,59.10069686,1.0,676.24,415.0
55.12,1.88,21.48,2.52,4.0,322.0,276.0,47.01,59.10069686,1.0,676.24,490.0
55.12,1.88,35.99,2.01,14.0,322.0,275.0,47.01,53.40351963,1.0,577.16,306.0
55.12,1.88,35.99,2.01,14.0,322.0,275.0,47.01,53.40351963,1.0,577.16,274.0
144.0,6.0,63.5,4.0,0.0,763.0,748.0,102.56,18.41764872,1.0,10672.87,10897.0
144.0,6.0,46.0,4.0,0.0,763.0,748.0,102.83,19.12108347,1.0,11021.88,12015.0
119.0,6.0,46.0,4.0,0.0,763.0,748.0,102.83,22.52330824,1.0,8178.71,8748.0
144.0,6.0,63.5,4.0,0.0,763.0,748.0,102.83,18.41764872,1.0,10686.59,11179.0
144.0,6.0,46.0,4.0,0.0,763.0,748.0,102.56,19.12108347,1.0,11006.41,11867.0
119.0,6.0,46.0,4.0,0.0,763.0,748.0,102.56,22.52330824,1.0,8168.82,8628.0
265.24,3.76,203.37,5.63,0.0,253.8,296.3,45.98,8.896151302,1.0,7615.47,8949.7
265.24,3.76,218.87,5.63,0.0,253.8,296.3,45.98,8.650704721,1.0,6807.32,7924.7
265.24,3.76,232.87,5.63,0.0,253.8,296.3,45.98,8.431843401,1.0,6017.72,6036.7
265.24,3.76,203.37,5.63,0.0,253.8,296.3,24.44,8.896151302,1.0,5810.59,7896.6
265.24,3.76,218.87,5.63,0.0,253.8,296.3,24.44,8.650704721,1.0,5457.14,6735.2
265.24,3.76,232.87,5.63,0.0,253.8,296.3,24.44,8.431843401,1.0,5106.19,5966.8
263.37,5.63,204.37,5.63,0.0,296.3,296.3,24.44,8.880245335,1.0,6901.35,8864.0
263.37,5.63,218.37,5.63,0.0,296.3,296.3,24.44,8.658578439,1.0,6581.57,8068.0
263.37,5.63,230.87,5.63,0.0,296.3,296.3,24.44,8.462902558,1.0,6270.62,6774.0
79.72,2.78,41.82,2.68,0.0,200.0,193.3,109.42,10.70338479,1.0,1927.82,2040.0
79.72,2.78,54.24,2.76,0.0,200.0,193.3,100.51,10.02703124,1.0,1450.64,1900.0
79.72,2.78,67.0,3.0,0.0,200.0,208.3,103.11,9.315091052,1.0,1023.74,1320.0
107.05,2.45,54.24,2.76,0.0,225.0,193.3,97.01,10.7530835,1.0,3063.94,3414.0
107.05,2.45,67.0,3.0,0.0,225.0,208.3,103.29,10.23591396,1.0,2772.66,2852.0
107.05,2.45,79.72,2.78,0.0,225.0,200.0,93.98,9.701305627,1.0,2032.24,2150.0
133.83,2.67,67.0,3.0,0.0,235.0,208.3,82.17,10.77229508,1.0,4160.34,4845.0
133.83,2.67,79.72,2.78,0.0,235.0,200.0,82.17,10.36220609,1.0,3682.66,4150.0
78.9,3.7,18.15,3.2,0.0,357.7,409.8,53.7,13.4798683,1.0,1807.54,1898.0
78.9,3.7,18.15,3.2,0.0,357.7,409.8,90.7,13.4798683,1.0,2478.17,2512.0
78.9,3.7,18.15,3.2,0.0,357.7,409.8,141.0,13.4798683,1.0,3389.86,3412.0
78.9,3.7,35.35,2.8,0.0,357.7,385.6,53.7,12.68831676,1.0,1725.48,1839.0
78.9,3.7,35.35,2.8,0.0,357.7,385.6,90.7,12.68831676,1.0,2279.92,2400.0
78.9,3.7,35.35,2.8,0.0,357.7,385.6,141.0,12.68831676,1.0,3033.65,2885.0
76.6,6.0,35.35,2.8,0.0,347.0,385.6,53.7,12.68831676,1.0,2034.94,2045.0
76.6,6.0,35.35,2.8,0.0,347.0,385.6,90.7,12.68831676,1.0,2547.81,2920.0
76.6,6.0,35.35,2.8,0.0,347.0,385.6,141.0,12.68831676,1.0,3245.02,3389.0
78.9,3.7,35.35,2.8,0.0,357.7,385.6,53.7,12.68831676,1.0,1725.48,2634.0
76.6,6.0,35.35,2.8,0.0,428.6,385.6,90.7,12.68831676,1.0,2792.68,3212.0
76.6,6.0,35.35,2.8,0.0,428.6,385.6,141.0,12.68831676,1.0,3489.89,3566.0
67.0,3.0,19.0,5.0,0.0,285.0,290.0,37.82,13.78687581,1.0,1028.75,1232.4
67.0,3.0,24.0,5.0,0.0,285.0,290.0,37.82,13.51351519,1.0,1042.82,1223.7
65.0,5.0,31.0,3.0,0.0,290.0,285.0,37.82,13.06213759,1.0,1154.17,1347.0
65.0,5.0,36.0,3.0,0.0,290.0,285.0,37.82,12.70411151,1.0,1137.67,1334.3
87.0,3.0,19.0,5.0,0.0,300.0,320.0,37.82,10.87149304,1.0,1547.39,1852.2
87.0,3.0,24.0,5.0,0.0,300.0,320.0,37.82,10.73594533,1.0,1566.17,1841.4
85.0,5.0,31.0,3.0,0.0,320.0,300.0,37.82,10.50538409,1.0,1784.45,2057.5
85.0,5.0,36.0,3.0,0.0,320.0,300.0,37.82,10.31640613,1.0,1769.36,2043.3
97.5,4.0,34.0,4.0,0.0,711.2,450.0,92.48,11.21042716,1.0,4528.11,5572.1
97.5,4.0,53.0,4.0,0.0,711.2,378.0,102.92,10.47994986,1.0,4324.19,4751.4
95.5,6.0,53.0,4.0,0.0,770.5,378.0,102.71,10.47994986,1.0,5278.08,6081.5
144.0,6.0,97.5,4.0,0.0,770.5,711.2,102.71,10.06132345,1.0,9415.0,9783.8
144.0,6.0,97.5,4.0,0.0,770.5,711.2,92.48,10.06132345,1.0,9079.92,9438.3
60.5,3.0,22.1,1.9,0.0,319.7,326.7,35.8,37.18253992,1.0,810.38,840.0
60.5,3.0,27.64,2.36,0.0,319.7,336.2,35.8,36.09859994,1.0,827.72,956.0
60.5,3.0,22.1,1.9,0.0,319.7,326.7,35.8,47.59365109,1.0,810.38,760.0
60.5,3.0,27.64,2.36,0.0,319.7,336.2,35.8,46.20620793,1.0,827.72,820.0
67.0,3.0,22.1,1.9,0.0,329.3,326.7,35.8,43.59329349,1.0,955.15,1042.0
66.0,4.0,35.08,2.92,0.0,309.5,311.9,35.8,40.86939997,1.0,1065.53,1120.0
66.0,4.0,34.25,3.75,0.0,309.5,340.1,35.8,41.06256864,1.0,1145.92,1120.0
88.0,2.0,15.6,2.0,0.0,268.26,268.26,39.11,10.50995168,1.0,1269.32,1402.39
88.0,2.0,24.4,2.0,0.0,268.26,268.26,39.11,10.29502563,1.0,1251.41,1308.25
88.0,2.0,33.2,2.0,0.0,268.26,268.26,39.11,10.00747333,1.0,1214.48,1252.05
88.0,2.0,42.0,2.0,0.0,268.26,268.26,39.11,9.665953237,1.0,1158.52,1157.3
88.0,2.0,50.8,2.0,0.0,268.26,268.26,39.11,9.289077454,1.0,1083.53,1116.62
88.0,2.0,59.6,2.0,0.0,268.26,268.26,39.11,8.893403605,1.0,989.52,1037.3
88.0,2.0,68.4,2.0,0.0,268.26,268.26,39.11,8.492396433,1.0,876.48,986.09
87.0,3.0,24.1,2.0,0.0,336.54,336.54,39.11,10.30364978,1.0,1513.76,1620.26
87.0,3.0,23.1,3.0,0.0,336.54,336.54,39.11,10.33177576,1.0,1563.66,1681.03
87.0,3.0,22.1,4.0,0.0,336.54,336.54,39.11,10.35892768,1.0,1611.45,1734.09
87.0,3.0,21.1,5.0,0.0,336.54,336.54,39.11,10.38507996,1.0,1657.13,1792.03
87.0,3.0,20.1,6.0,0.0,336.54,336.54,39.11,10.41020762,1.0,1700.69,1844.08
87.0,3.0,18.1,8.0,0.0,336.54,336.54,39.11,10.45728607,1.0,1781.46,1957.58
87.0,3.0,16.1,10.0,0.0,336.54,336.54,39.11,10.49998384,1.0,1853.78,2068.39
87.0,3.0,31.8,3.0,0.0,336.54,336.54,39.11,8.381104957,1.0,1553.76,1670.25
87.0,3.0,31.8,3.0,0.0,336.54,336.54,39.11,10.4763812,1.0,1553.76,1657.74
87.0,3.0,31.8,3.0,0.0,336.54,336.54,39.11,12.57165744,1.0,1553.76,1644.03
87.0,3.0,31.8,3.0,0.0,336.54,336.54,39.11,14.66693368,1.0,1553.76,1635.11
87.0,3.0,31.8,3.0,0.0,336.54,336.54,39.11,17.80984803,1.0,1553.76,1624.57
87.0,3.0,31.8,3.0,0.0,336.54,336.54,39.11,20.95276239,1.0,1553.76,1622.87
87.0,3.0,31.8,3.0,0.0,336.54,336.54,39.11,24.09567675,1.0,1553.76,1618.74
87.0,3.0,31.8,3.0,0.0,336.54,336.54,39.11,27.23859111,1.0,1553.76,1609.82
84.0,6.0,14.4,3.0,0.0,336.54,336.54,32.88,10.53270011,1.0,1902.2,1570.48
84.0,6.0,14.4,3.0,0.0,336.54,336.54,42.07,10.53270011,1.0,2097.15,1742.4
84.0,6.0,14.4,3.0,0.0,336.54,336.54,51.43,10.53270011,1.0,2295.81,1931.76
84.0,6.0,14.4,3.0,0.0,336.54,336.54,60.94,10.53270011,1.0,2497.55,2160.93
84.0,6.0,14.4,3.0,0.0,336.54,336.54,70.57,10.53270011,1.0,2701.93,2441.26
84.0,6.0,14.4,3.0,0.0,336.54,336.54,80.32,10.53270011,1.0,2908.63,2637.61
197.0,2.75,164.5,2.5,0.0,218.7,207.87,31.07,9.274756201,1.0,2356.57,2199.0
197.0,2.75,164.5,2.5,0.0,218.7,207.87,31.07,9.274756201,1.0,2356.57,2274.0
197.0,2.75,164.5,2.5,0.0,218.7,207.87,31.07,9.274756201,1.0,2356.57,2452.0
197.0,2.75,164.5,2.5,0.0,218.7,207.87,31.07,9.274756201,1.0,2356.57,2340.0
197.0,2.75,164.5,2.5,0.0,218.7,207.87,31.07,9.274756201,1.0,2356.57,2527.0
49.626,6.905680503,21.25,3.0,0.0,500.0,425.0,70.0,9.736232888,0.132760107,1746.06,1677.0
51.984,4.66020596,21.25,3.0,0.0,476.0,400.0,70.0,9.719268991,0.150931974,1393.51,1253.0
53.09,3.554394376,21.25,3.0,0.0,491.0,425.0,70.0,9.719268991,0.158896573,1274.41,1065.0
54.196,2.392163834,21.25,3.0,0.0,468.0,425.0,70.0,9.72773847,0.166680226,1088.5,935.0
53.034,3.554394376,21.25,3.0,0.0,491.0,400.0,70.0,9.727744098,0.158496103,1261.76,1040.0
54.196,2.392163834,21.25,3.0,0.0,468.0,400.0,70.0,9.72773847,0.166680226,1077.78,870.0
64.318,3.385137501,26.0,3.0,4.0,275.9,374.5,39.11,28.82059738,0.163779455,986.39,856.0
64.318,3.385137501,26.0,3.0,4.0,275.9,374.5,39.11,28.82059738,0.163779455,986.39,872.0
64.318,3.385137501,26.0,3.0,14.0,275.9,374.5,39.11,28.82059738,0.163779455,986.39,667.0
64.318,3.385137501,26.0,3.0,14.0,275.9,374.5,39.11,28.82059738,0.163779455,986.39,750.0
64.318,3.385137501,26.0,3.0,45.0,275.9,374.5,39.11,28.82059738,0.163779455,986.39,480.0
64.318,3.385137501,26.0,3.0,45.0,275.9,374.5,39.11,28.82059738,0.163779455,986.39,486.0
64.318,3.385137501,26.0,3.0,0.0,275.9,374.5,39.11,57.53345421,0.163779455,986.39,920.0
64.318,3.385137501,26.0,3.0,0.0,275.9,374.5,39.11,57.53345421,0.163779455,986.39,868.0
64.318,3.385137501,26.0,3.0,15.5,275.9,374.5,39.11,57.53345421,0.163779455,986.39,596.0
64.318,3.385137501,26.0,3.0,15.5,275.9,374.5,39.11,57.53345421,0.163779455,986.39,570.0
64.318,3.385137501,26.0,3.0,45.0,275.9,374.5,39.11,57.53345421,0.163779455,986.39,380.0
64.318,3.385137501,26.0,3.0,45.0,275.9,374.5,39.11,57.53345421,0.163779455,986.39,379.0
64.318,3.385137501,13.0,3.0,0.0,275.9,422.3,46.8,10.20554897,0.28935564,1073.36,1054.0
64.318,3.385137501,13.0,3.0,0.0,275.9,422.3,46.8,10.20554897,0.28935564,1073.36,1060.0
64.318,3.385137501,41.0,3.0,0.0,275.9,374.5,46.8,8.858373271,0.009351816,1010.95,990.0
64.318,3.385137501,41.0,3.0,0.0,275.9,374.5,46.8,8.858373271,0.009351816,1010.95,1000.0
64.318,3.385137501,41.0,3.0,0.0,275.9,370.2,46.8,8.858373271,0.009351816,1007.5,870.0
64.318,3.385137501,41.0,3.0,0.0,275.9,370.2,46.8,8.858373271,0.009351816,1007.5,996.0
98.169,3.385137501,41.0,3.0,0.0,275.9,370.2,46.8,9.630663071,0.166037002,2014.85,1725.0
98.169,3.385137501,41.0,3.0,0.0,275.9,370.2,46.8,9.630663071,0.166037002,2014.85,1710.0
132.02,3.385137501,54.0,3.0,0.0,275.9,294.5,46.8,9.647355125,0.180587032,3177.64,2580.0
132.02,3.385137501,54.0,3.0,0.0,275.9,294.5,46.8,9.647355125,0.180587032,3177.64,2460.0
165.872,3.385137501,79.5,3.0,0.0,275.9,320.5,46.8,9.395540891,0.125506493,4517.16,3240.0
165.872,3.385137501,79.5,3.0,0.0,275.9,320.5,46.8,9.395540891,0.125506493,4517.16,3430.0
64.318,3.385137501,13.0,3.0,0.0,275.9,415.42,39.11,10.20554897,0.28935564,977.68,1054.0
64.318,3.385137501,13.0,3.0,0.0,275.9,415.42,39.11,10.20554897,0.28935564,977.68,1060.0
64.318,3.385137501,26.0,3.0,0.0,275.9,369.6,39.11,9.696649585,0.163779455,983.85,990.0
64.318,3.385137501,26.0,3.0,0.0,275.9,369.6,39.11,9.696649585,0.163779455,983.85,1000.0
64.318,3.385137501,41.0,3.0,0.0,275.9,376.72,39.11,8.858373271,0.009351816,959.53,870.0
64.318,3.385137501,41.0,3.0,0.0,275.9,376.72,39.11,8.858373271,0.009351816,959.53,996.0
98.169,3.385137501,41.0,3.0,0.0,275.9,376.72,39.11,9.630663071,0.166037002,1833.93,1725.0
98.169,3.385137501,41.0,3.0,0.0,275.9,376.72,39.11,9.630663071,0.166037002,1833.93,1710.0
132.02,3.385137501,54.0,3.0,0.0,275.9,312.32,39.11,9.647355125,0.180587032,2853.52,2580.0
132.02,3.385137501,54.0,3.0,0.0,275.9,312.32,39.11,9.647355125,0.180587032,2853.52,2460.0
165.872,3.385137501,79.5,3.0,0.0,275.9,312.85,39.11,9.395540891,0.125506493,4004.95,3240.0
165.872,3.385137501,79.5,3.0,0.0,275.9,312.85,39.11,9.395540891,0.125506493,4004.95,3430.0
120.037,4.084732585,75.78,3.72,0.0,319.6,380.6,51.43,8.837781071,0.014357265,2998.96,2908.0
120.037,4.084732585,75.78,3.72,0.0,319.6,380.6,51.43,8.837781071,0.014357265,2998.96,2860.0
120.037,4.084732585,49.28,3.72,0.0,319.6,380.6,51.43,9.653332161,0.17189482,3330.55,3516.0
120.037,4.084732585,49.28,3.72,0.0,319.6,380.6,51.43,9.653332161,0.17189482,3330.55,3309.0
120.037,4.084732585,75.78,3.72,0.0,319.6,380.6,51.43,8.837781071,0.014357265,2998.96,1116.0
120.037,4.084732585,75.78,3.72,0.0,319.6,380.6,51.43,8.837781071,0.014357265,2998.96,1159.0
86.186,4.084732585,27.15,2.85,0.0,374.0,394.0,42.53,9.950079632,0.241420974,1920.73,1620.0
118.48,5.641895835,39.0,6.0,0.0,350.0,350.0,40.0,9.912215409,0.220950081,3568.71,3710.0
119.608,4.513516668,39.0,6.0,0.0,350.0,350.0,40.0,9.912215409,0.223408501,3307.07,3475.0
120.737,3.385137501,39.0,6.0,0.0,350.0,350.0,40.0,9.912215409,0.22578349,3042.95,3108.0
121.865,2.256758334,39.0,6.0,0.0,350.0,350.0,40.0,9.912215409,0.228078924,2776.35,2786.0
122.993,1.128379167,39.0,6.0,0.0,350.0,350.0,40.0,9.912215409,0.230298453,2507.27,2465.0
157.973,11.28379167,68.0,7.0,0.0,350.0,350.0,40.0,9.637353946,0.14417049,7589.8,7226.0
186.183,11.28379167,68.0,7.0,0.0,350.0,350.0,40.0,9.822854838,0.204196418,9509.8,9055.0
214.392,11.28379167,68.0,7.0,0.0,350.0,350.0,40.0,9.948544829,0.240371067,11629.8,11225.0
242.602,11.28379167,68.0,7.0,0.0,350.0,350.0,40.0,10.03730584,0.262884997,13949.8,13720.0
270.811,11.28379167,68.0,7.0,0.0,350.0,350.0,40.0,10.10215309,0.277953024,16469.8,15850.0
115.095,9.027033337,39.0,6.0,0.0,350.0,350.0,40.0,9.912215409,0.213031608,4338.75,4272.0
115.095,9.027033337,40.0,5.0,0.0,350.0,350.0,40.0,9.888930124,0.213031608,4251.88,4184.0
115.095,9.027033337,41.0,4.0,0.0,350.0,350.0,40.0,9.865208927,0.213031608,4162.82,4098.0
115.095,9.027033337,42.0,3.0,0.0,350.0,350.0,40.0,9.84106247,0.213031608,4071.56,4009.0
115.095,9.027033337,43.0,2.0,0.0,350.0,350.0,40.0,9.816499132,0.213031608,3978.09,3802.0
115.095,9.027033337,6.25,4.0,0.0,350.0,350.0,40.0,10.37915438,0.328003616,4098.41,4131.0
115.095,9.027033337,16.0,4.0,0.0,350.0,350.0,40.0,10.30695896,0.312575869,4147.11,4160.0
115.095,9.027033337,26.0,4.0,0.0,350.0,350.0,40.0,10.17110332,0.284737684,4172.24,4168.0
115.095,9.027033337,47.0,4.0,0.0,350.0,350.0,40.0,9.714277547,0.170451956,4143.22,4035.0
115.095,9.027033337,67.5,4.0,0.0,350.0,350.0,40.0,9.109965105,0.028980624,4007.97,3780.0
115.095,9.027033337,77.5,4.0,0.0,350.0,350.0,40.0,8.77969414,0.005988805,3903.67,3580.0
157.973,11.28379167,68.0,7.0,0.0,250.0,400.0,40.0,9.637353946,0.14417049,6587.04,6806.0
157.973,11.28379167,68.0,7.0,0.0,300.0,400.0,40.0,9.637353946,0.14417049,7167.04,7226.0
157.973,11.28379167,68.0,7.0,0.0,350.0,400.0,40.0,9.637353946,0.14417049,7747.04,7612.0
157.973,11.28379167,68.0,7.0,0.0,400.0,400.0,40.0,9.637353946,0.14417049,8327.04,7990.0
157.973,11.28379167,68.0,7.0,0.0,450.0,400.0,40.0,9.637353946,0.14417049,8907.04,8385.0
157.973,11.28379167,68.0,7.0,0.0,400.0,250.0,40.0,9.637353946,0.14417049,7855.33,7539.0
157.973,11.28379167,68.0,7.0,0.0,400.0,300.0,40.0,9.637353946,0.14417049,8012.56,7700.0
157.973,11.28379167,68.0,7.0,0.0,400.0,350.0,40.0,9.637353946,0.14417049,8169.8,7853.0
157.973,11.28379167,68.0,7.0,0.0,400.0,400.0,40.0,9.637353946,0.14417049,8327.04,8008.0
157.973,11.28379167,68.0,7.0,0.0,400.0,450.0,40.0,9.637353946,0.14417049,8484.27,8166.0
157.973,11.28379167,68.0,7.0,0.0,350.0,350.0,30.0,9.637353946,0.14417049,6982.51,6846.0
157.973,11.28379167,68.0,7.0,0.0,350.0,350.0,55.0,9.637353946,0.14417049,8500.73,8410.0
157.973,11.28379167,68.0,7.0,0.0,350.0,350.0,70.0,9.637353946,0.14417049,9411.65,9345.0
157.973,11.28379167,68.0,7.0,0.0,350.0,350.0,85.0,9.637353946,0.14417049,10322.58,10264.0
157.973,11.28379167,68.0,7.0,0.0,350.0,350.0,100.0,9.637353946,0.14417049,11233.51,11213.0
64.318,3.385137501,13.0,3.0,0.0,235.0,235.0,28.63,14.17437358,0.28935564,743.24,827.0
64.318,3.385137501,26.0,3.0,0.0,235.0,235.0,28.63,13.46756887,0.163779455,748.21,780.0
64.318,3.385137501,41.0,3.0,0.0,235.0,235.0,28.63,12.30329621,0.009351816,716.16,732.0
101.554,11.28379167,10.0,5.0,0.0,517.6,356.2,112.26,10.3517187,0.318464536,7631.51,7704.0
101.554,11.28379167,25.0,5.0,0.0,517.6,356.2,116.03,10.14570985,0.269593327,7672.8,7714.0
101.554,11.28379167,49.0,5.0,0.0,517.6,356.2,112.26,9.524412945,0.095729787,7118.89,7554.0
101.554,11.28379167,65.0,5.0,0.0,517.6,356.2,112.0,8.980071692,0.008425915,6593.8,6460.0
56.419,11.28379167,25.0,5.0,0.0,517.6,356.2,117.88,9.744730864,0.095729787,3430.68,3629.0
73.345,11.28379167,35.0,5.0,0.0,517.6,356.2,117.88,9.596897475,0.083203617,4717.84,4825.0
129.764,11.28379167,65.0,5.0,0.0,517.6,356.2,106.02,9.428275525,0.088708831,9700.72,8660.0
64.318,3.385137501,29.33785834,3.385137501,0.0,275.9,374.5,39.1,56.57740543,0.012684121,1011.14,1160.0
64.318,3.385137501,29.33785834,3.385137501,0.0,275.9,374.5,39.1,56.57740543,0.012684121,1011.14,920.0
65.409,3.689423477,29.03225527,3.744197645,0.0,380.0,429.0,46.0,14.33556433,0.004883758,1367.37,1320.0
65.409,3.689423477,29.03225527,3.744197645,0.0,380.0,429.0,46.0,14.33556433,0.004883758,1367.37,1320.0
49.513,6.736423628,25.45623401,2.753245168,0.0,485.0,477.0,58.7,9.496374614,0.001619577,1612.33,1546.0
49.513,6.736423628,25.45623401,2.753245168,0.0,485.0,477.0,58.7,9.496374614,0.001619577,1612.33,1614.0
52.176,4.52480046,25.45623401,2.753245168,0.0,445.0,477.0,58.7,9.43350448,0.004549498,1265.43,1194.0
52.176,4.52480046,25.45623401,2.753245168,0.0,445.0,477.0,58.7,9.43350448,0.004549498,1265.43,1210.0
53.214,3.317434751,25.45623401,2.753245168,0.0,464.0,477.0,58.7,9.456986995,0.006639195,1127.59,1027.0
53.214,3.317434751,25.45623401,2.753245168,0.0,464.0,477.0,58.7,9.456986995,0.006639195,1127.59,1060.0
54.377,2.324461084,25.45623401,2.753245168,0.0,453.0,477.0,58.7,9.433498631,0.009534208,987.39,820.0
54.377,2.324461084,25.45623401,2.753245168,0.0,453.0,477.0,58.7,9.433498631,0.009534208,987.39,839.0
74.755,3.421814341,30.46623751,3.385137501,0.0,300.0,300.0,28.36,12.96175154,0.037918369,1094.23,1075.0
74.755,3.421814341,35.66463662,3.423564333,0.0,300.0,300.0,28.36,12.59879809,0.001421538,1096.19,1081.0
74.755,3.421814341,40.1962807,3.505656522,0.0,300.0,300.0,28.36,12.21593717,1.42e-05,1098.16,1082.0
80.456,3.416923781,30.46623751,3.385137501,0.0,300.0,300.0,28.36,12.05487686,0.057373529,1209.08,1194.0
80.456,3.416923781,35.66463662,3.423564333,0.0,300.0,300.0,28.36,11.76148734,0.009173972,1211.04,1190.0
80.456,3.416923781,40.1962807,3.505656522,0.0,300.0,300.0,28.36,11.45523517,0.000465775,1213.01,1193.0
40.622,15.79730834,18.05406667,15.79730834,0.0,336.0,336.0,34.52,13.19717611,2.87e-16,2538.39,556.5
40.622,15.79730834,18.05406667,15.79730834,0.0,336.0,336.0,34.52,13.19717611,2.87e-16,2538.39,549.5
40.622,15.79730834,18.05406667,15.79730834,0.0,336.0,336.0,31.79,13.19717611,2.87e-16,2534.07,560.0
40.622,15.79730834,18.05406667,15.79730834,0.0,336.0,336.0,31.79,13.19717611,2.87e-16,2534.07,523.0
40.622,15.79730834,18.05406667,15.79730834,0.0,336.0,336.0,31.43,13.19717611,2.87e-16,2533.49,521.0
40.622,15.79730834,18.05406667,15.79730834,0.0,336.0,336.0,31.43,13.19717611,2.87e-16,2533.49,539.5
40.622,15.79730834,18.05406667,15.79730834,0.0,336.0,336.0,30.88,13.19717611,2.87e-16,2532.63,539.5
40.622,15.79730834,18.05406667,15.79730834,0.0,336.0,336.0,30.88,13.19717611,2.87e-16,2532.63,539.5
40.622,15.79730834,18.05406667,15.79730834,0.0,336.0,336.0,28.09,13.19717611,2.87e-16,2528.21,496.4
40.622,15.79730834,18.05406667,15.79730834,0.0,336.0,336.0,28.09,13.19717611,2.87e-16,2528.21,498.4
86.186,4.084732585,26.84414039,3.057907543,0.0,374.0,304.0,42.53,9.961191936,0.152458963,1885.63,1665.0
86.186,4.084732585,26.84414039,3.057907543,0.0,374.0,304.0,42.53,9.961191936,0.152458963,1885.63,1819.0
51.866,3.298186859,8.30487067,2.922502043,0.0,401.0,468.0,39.5,15.45537972,0.201571462,846.81,909.9
51.877,3.286639174,8.521123213,3.013760073,0.0,401.0,468.0,78.4,15.44696622,0.197590833,1162.15,1161.3
51.843,3.321282578,8.559750788,2.946259153,0.0,401.0,468.0,101.9,15.44542619,0.197774541,1352.66,1469.3
51.854,3.309734661,9.737912212,1.715136334,0.0,401.0,357.0,39.5,15.39333078,0.198577817,804.37,855.9
51.808,3.321729597,9.670209462,1.726420126,0.0,401.0,357.0,39.5,15.41550568,0.198731364,805.23,864.4
51.819,3.310180017,9.65892567,1.737703917,0.0,401.0,357.0,78.4,15.41602918,0.198794409,1116.4,1154.9
51.831,3.298630554,9.670209462,1.726420126,0.0,401.0,357.0,101.9,15.41550568,0.198857422,1303.69,1408.5
46.023,4.35155388,8.350005837,2.933785834,0.0,439.0,468.0,39.5,12.84885562,0.226524466,910.26,1030.4
46.093,4.306340305,8.293586878,2.990204793,0.0,439.0,468.0,78.4,12.85131035,0.226657271,1151.08,1235.2
107.873,4.964868335,62.79430065,4.908449377,0.0,337.0,339.0,46.5,18.16173124,0.000113145,2872.64,3267.0
107.873,4.964868335,62.79430065,4.908449377,0.0,337.0,339.0,46.5,24.21564166,0.000113145,2872.64,3115.0
107.873,4.964868335,62.79430065,4.908449377,0.0,337.0,339.0,46.5,30.26955207,0.000113145,2872.64,2913.0
107.873,4.964868335,62.79430065,4.908449377,0.0,337.0,339.0,54.0,24.21564166,0.000113145,3038.82,3289.0
107.873,4.964868335,62.79430065,4.908449377,0.0,337.0,339.0,62.9,24.21564166,0.000113145,3236.02,3515.0
53.034,3.554394376,18.23460734,4.332976002,0.0,556.0,404.0,41.8,8.218220965,0.070861885,1207.45,1420.0
52.966,3.565678168,18.21203976,4.355543585,0.0,556.0,404.0,41.8,8.226607322,0.070261312,1208.94,1420.0
53.0,3.531826793,18.20075597,4.366827377,0.0,556.0,404.0,81.6,8.227086102,0.070561654,1491.21,1464.0
52.989,3.543110585,18.21203976,4.355543585,0.0,556.0,404.0,115.9,8.226611893,0.070464759,1740.15,1706.0
53.0,3.588245751,21.19096076,1.602298417,0.0,556.0,324.0,41.8,8.085982402,0.065826061,1059.25,1209.0
52.977,3.554394376,21.16839317,1.624866001,0.0,556.0,324.0,81.6,8.094123138,0.06562281,1338.9,1323.0
52.977,3.554394376,21.16839317,1.624866001,0.0,556.0,324.0,115.9,8.094123138,0.06562281,1585.35,1516.0
86.186,4.084732585,26.85542418,3.046623751,0.0,374.0,304.0,50.5,9.960850323,0.152458963,2048.62,1819.0
278.71,3.385137501,194.0812167,3.385137501,0.0,353.0,353.0,39.8,8.561695902,0.0,8412.32,6939.0
278.71,3.385137501,222.2906959,3.385137501,0.0,353.0,353.0,39.8,8.16258792,0.0,7131.62,6090.0
74.755,3.421814341,30.46623751,3.385137501,0.0,300.0,300.0,28.36,12.96175154,0.037918369,1094.23,1120.0
74.755,3.421814341,35.66463662,3.423564333,0.0,300.0,300.0,28.36,12.59879809,0.001421538,1096.19,1100.0
74.755,3.421814341,40.1962807,3.505656522,0.0,300.0,300.0,28.36,12.21593717,1.42e-05,1098.16,1010.0
80.456,3.416923781,30.46623751,3.385137501,0.0,300.0,300.0,28.36,12.05487686,0.057373529,1209.08,1160.0
49.536,6.736423628,25.45623401,2.753245168,0.0,485.0,477.0,62.19,11.86651086,0.001632269,1631.36,1545.0
52.171,4.52480046,25.45623401,2.753245168,0.0,445.0,477.0,62.19,11.79284978,0.004539309,1286.34,1194.0
143.175,11.33441524,60.43679297,8.662036929,0.0,450.0,450.0,37.45,11.58003412,0.009549346,8206.21,8626.7
143.175,11.33441524,63.33012368,5.76870621,0.0,450.0,450.0,37.45,11.50098189,0.009549346,7699.96,8117.1
143.175,11.33441524,64.77439453,4.32443536,0.0,450.0,450.0,37.45,11.46069834,0.009549346,7438.4,7864.3
143.175,11.33441524,65.64025152,3.458578376,0.0,450.0,450.0,37.45,11.43629747,0.009549346,7278.76,7702.8
143.175,11.33441524,60.43679297,8.662036929,0.0,450.0,450.0,51.43,11.58003412,0.009549346,8896.93,9462.4
143.175,11.33441524,63.33012368,5.76870621,0.0,450.0,450.0,51.43,11.50098189,0.009549346,8390.68,8900.8
143.175,11.33441524,64.77439453,4.32443536,0.0,450.0,450.0,51.43,11.46069834,0.009549346,8129.12,8621.3
143.175,11.33441524,65.64025152,3.458578376,0.0,450.0,450.0,51.43,11.43629747,0.009549346,7969.48,8418.2
143.175,11.33441524,60.43679297,8.662036929,0.0,450.0,450.0,65.74,11.58003412,0.009549346,9603.91,10193.1
143.175,11.33441524,63.33012368,5.76870621,0.0,450.0,450.0,65.74,11.50098189,0.009549346,9097.66,9639.1
143.175,11.33441524,64.77439453,4.32443536,0.0,450.0,450.0,65.74,11.46069834,0.009549346,8836.1,9386.7
143.175,11.33441524,65.64025152,3.458578376,0.0,450.0,450.0,65.74,11.43629747,0.009549346,8676.46,9096.7
146.01,8.500076238,60.43679297,8.662036929,0.0,450.0,450.0,37.45,11.58003412,0.01273553,7143.89,7634.4
146.01,8.500076238,63.33012368,5.76870621,0.0,450.0,450.0,37.45,11.50098189,0.01273553,6637.64,7078.4
146.01,8.500076238,64.77439453,4.32443536,0.0,450.0,450.0,37.45,11.46069834,0.01273553,6376.08,6841.4
146.01,8.500076238,65.64025152,3.458578376,0.0,450.0,450.0,37.45,11.43629747,0.01273553,6216.44,6673.7
146.01,8.500076238,60.43679297,8.662036929,0.0,450.0,450.0,51.43,11.58003412,0.01273553,7870.61,8458.5
146.01,8.500076238,63.33012368,5.76870621,0.0,450.0,450.0,51.43,11.50098189,0.01273553,7364.36,7892.5
146.01,8.500076238,64.77439453,4.32443536,0.0,450.0,450.0,51.43,11.46069834,0.01273553,7102.8,7615.7
146.01,8.500076238,65.64025152,3.458578376,0.0,450.0,450.0,51.43,11.43629747,0.01273553,6943.16,7475.8
146.01,8.500076238,60.43679297,8.662036929,0.0,450.0,450.0,65.74,11.58003412,0.01273553,8614.44,9261.6
146.01,8.500076238,63.33012368,5.76870621,0.0,450.0,450.0,65.74,11.50098189,0.01273553,8108.19,8726.1
146.01,8.500076238,64.77439453,4.32443536,0.0,450.0,450.0,65.74,11.46069834,0.01273553,7846.63,8450.3
146.01,8.500076238,65.64025152,3.458578376,0.0,450.0,450.0,65.74,11.43629747,0.01273553,7686.99,8200.3
147.71,6.799718929,60.43679297,8.662036929,0.0,450.0,450.0,37.45,11.58003412,0.014850279,6496.6,7024.5
147.71,6.799718929,63.33012368,5.76870621,0.0,450.0,450.0,37.45,11.50098189,0.014850279,5990.35,6468.8
147.71,6.799718929,64.77439453,4.32443536,0.0,450.0,450.0,37.45,11.46069834,0.014850279,5728.79,6199.1
147.71,6.799718929,65.64025152,3.458578376,0.0,450.0,450.0,37.45,11.43629747,0.014850279,5569.15,6019.7
147.71,6.799718929,60.43679297,8.662036929,0.0,450.0,450.0,51.43,11.58003412,0.014850279,7245.26,7786.5
147.71,6.799718929,63.33012368,5.76870621,0.0,450.0,450.0,51.43,11.50098189,0.014850279,6739.01,7286.4
147.71,6.799718929,64.77439453,4.32443536,0.0,450.0,450.0,51.43,11.46069834,0.014850279,6477.45,6797.9
147.71,6.799718929,65.64025152,3.458578376,0.0,450.0,450.0,51.43,11.43629747,0.014850279,6317.81,6261.6
147.71,6.799718929,60.43679297,8.662036929,0.0,450.0,450.0,65.74,11.58003412,0.014850279,8011.54,7854.7
147.71,6.799718929,63.33012368,5.76870621,0.0,450.0,450.0,65.74,11.50098189,0.014850279,7505.29,7529.4
147.71,6.799718929,64.77439453,4.32443536,0.0,450.0,450.0,65.74,11.46069834,0.014850279,7243.73,7268.5
147.71,6.799718929,65.64025152,3.458578376,0.0,450.0,450.0,65.74,11.43629747,0.014850279,7084.09,7098.2
148.843,5.666246025,60.43679297,8.662036929,0.0,450.0,450.0,37.45,11.58003412,0.016339845,6060.94,6585.3
148.843,5.666246025,63.33012368,5.76870621,0.0,450.0,450.0,37.45,11.50098189,0.016339845,5554.69,5824.9
148.843,5.666246025,64.77439453,4.32443536,0.0,450.0,450.0,37.45,11.46069834,0.016339845,5293.13,5611.3
148.843,5.666246025,65.64025152,3.458578376,0.0,450.0,450.0,37.45,11.43629747,0.016339845,5133.49,5408.6
148.843,5.666246025,60.43679297,8.662036929,0.0,450.0,450.0,51.43,11.58003412,0.016339845,6824.37,7104.1
148.843,5.666246025,63.33012368,5.76870621,0.0,450.0,450.0,51.43,11.50098189,0.016339845,6318.12,6657.6
148.843,5.666246025,64.77439453,4.32443536,0.0,450.0,450.0,51.43,11.46069834,0.016339845,6056.56,6262.4
148.843,5.666246025,65.64025152,3.458578376,0.0,450.0,450.0,51.43,11.43629747,0.016339845,5896.92,6239.1
148.843,5.666246025,60.43679297,8.662036929,0.0,450.0,450.0,65.74,11.58003412,0.016339845,7605.77,7721.1
148.843,5.666246025,63.33012368,5.76870621,0.0,450.0,450.0,65.74,11.50098189,0.016339845,7099.52,7526.7
148.843,5.666246025,64.77439453,4.32443536,0.0,450.0,450.0,65.74,11.46069834,0.016339845,6837.95,7075.9
148.843,5.666246025,65.64025152,3.458578376,0.0,450.0,450.0,65.74,11.43629747,0.016339845,6678.32,6598.3
98.169,3.385137501,16.24866001,3.385137501,0.0,268.26,268.26,39.11,9.121585834,0.277777778,1808.77,2258.95
98.169,3.385137501,26.06555876,3.385137501,0.0,268.26,268.26,39.11,8.947581263,0.201465201,1805.58,2180.1
98.169,3.385137501,35.88245751,3.385137501,0.0,268.26,268.26,39.11,8.70989905,0.098336962,1778.71,2104.81
98.169,3.385137501,45.69935627,3.385137501,0.0,268.26,268.26,39.11,8.423970024,0.015924465,1728.17,1952.05
98.169,3.385137501,55.51625502,3.385137501,0.0,268.26,268.26,39.11,8.10551819,0.000543093,1653.95,1884.85
98.169,3.385137501,65.33315377,3.385137501,0.0,268.26,268.26,39.11,7.768790696,0.0,1556.04,1733.7
98.169,3.385137501,75.15005253,3.385137501,0.0,268.26,268.26,39.11,7.42557339,6.68e-16,1434.46,1582.87
98.169,3.385137501,35.88245751,3.385137501,0.0,336.54,336.54,39.11,7.258249208,0.098336962,1978.31,2349.34
98.169,3.385137501,35.88245751,3.385137501,0.0,336.54,336.54,39.11,9.07281151,0.098336962,1978.31,2298.75
98.169,3.385137501,35.88245751,3.385137501,0.0,336.54,336.54,39.11,10.88737381,0.098336962,1978.31,2287.06
98.169,3.385137501,35.88245751,3.385137501,0.0,336.54,336.54,39.11,12.70193611,0.098336962,1978.31,2228.38
98.169,3.385137501,35.88245751,3.385137501,0.0,336.54,336.54,39.11,13.06484858,0.098336962,1978.31,2216.35
98.169,3.385137501,35.88245751,3.385137501,0.0,336.54,336.54,39.11,14.87941088,0.098336962,1978.31,2168.8
98.169,3.385137501,35.88245751,3.385137501,0.0,336.54,336.54,39.11,16.69397318,0.098336962,1978.31,2127.99
98.169,3.385137501,35.88245751,3.385137501,0.0,336.54,336.54,39.11,18.50853548,0.098336962,1978.31,2093.18
94.784,6.770275003,16.24866001,3.385137501,0.0,268.26,268.26,32.88,9.121585834,0.273557581,2110.77,2384.89
94.784,6.770275003,16.24866001,3.385137501,0.0,268.26,268.26,42.07,9.121585834,0.273557581,2358.98,2613.44
94.784,6.770275003,16.24866001,3.385137501,0.0,268.26,268.26,51.43,9.121585834,0.273557581,2611.92,2845.98
94.784,6.770275003,16.24866001,3.385137501,0.0,268.26,268.26,60.94,9.121585834,0.273557581,2868.79,3073.37
94.784,6.770275003,16.24866001,3.385137501,0.0,268.26,268.26,70.57,9.121585834,0.273557581,3129.02,3260.47
94.784,6.770275003,16.24866001,3.385137501,0.0,268.26,268.26,80.32,9.121585834,0.273557581,3392.19,3657.64
51.295,5.91,20.95400113,1.692568751,0.0,454.0,492.0,57.64,13.17009003,0.838592352,1412.24,1410.0
52.545,4.66,20.61548738,2.031082501,0.0,416.0,492.0,57.64,13.19476296,0.847911608,1211.31,1295.0
53.735,3.47,20.61548738,2.031082501,0.0,453.0,492.0,57.64,13.19475558,0.856012022,1113.67,1145.0
54.245,2.96,20.61548738,2.031082501,0.0,430.0,492.0,57.64,13.19475558,0.859275612,1021.44,1050.0
66.415,3.42,33.98113862,2.787096543,0.0,379.0,392.0,57.64,10.28950817,0.705376165,1351.6,1315.0
66.895,2.94,33.98113862,2.787096543,0.0,357.0,392.0,57.64,10.28950377,0.711412807,1259.22,1215.0
79.15,3.44,39.20553416,3.272299585,0.0,433.0,400.0,57.64,8.761591244,0.73031057,1900.45,1690.0
79.69,2.9,39.20553416,3.272299585,0.0,395.0,400.0,57.64,8.761593883,0.735398905,1743.12,1665.0
43.0,14.0,18.05406667,15.79730834,0.0,300.0,336.0,34.52,13.38317509,0.014529782,2185.0,568.5
43.0,14.0,18.05406667,15.79730834,0.0,300.0,336.0,34.52,13.38317509,0.014529782,2185.0,556.0
43.0,14.0,18.05406667,15.79730834,0.0,300.0,336.0,31.79,13.38317509,0.014529782,2185.0,557.5
43.0,14.0,18.05406667,15.79730834,0.0,300.0,336.0,31.79,13.38317509,0.014529782,2185.0,545.0
43.0,14.0,18.05406667,15.79730834,0.0,300.0,336.0,31.43,13.38317509,0.014529782,2185.0,525.0
43.0,14.0,18.05406667,15.79730834,0.0,300.0,336.0,31.43,13.38317509,0.014529782,2185.0,534.0
43.0,14.0,18.05406667,15.79730834,0.0,300.0,336.0,30.88,13.38317509,0.014529782,2185.0,556.0
43.0,14.0,18.05406667,15.79730834,0.0,300.0,336.0,30.88,13.38317509,0.014529782,2185.0,575.0
43.0,14.0,18.05406667,15.79730834,0.0,300.0,336.0,28.09,13.38317509,0.014529782,2185.0,479.0
43.0,14.0,18.05406667,15.79730834,0.0,300.0,336.0,28.09,13.38317509,0.014529782,2185.0,465.0
94.88,3.62,64.28,3.72,0.0,319.6,380.6,51.43,11.22270355,1.0,1998.66,2384.0
94.88,3.62,64.28,3.72,0.0,319.6,380.6,51.43,11.22270355,1.0,1998.66,2415.0
94.88,3.62,37.78,3.72,0.0,319.6,380.6,51.43,12.51222514,1.0,2231.76,3067.0
94.88,3.62,37.78,3.72,0.0,319.6,380.6,51.43,12.51222514,1.0,2231.76,2976.0
94.88,3.62,64.28,3.72,0.0,319.6,380.6,51.43,11.22270355,1.0,1998.66,1420.0
94.88,3.62,64.28,3.72,0.0,319.6,380.6,51.43,11.22270355,1.0,1998.66,1420.0
107.061,4.084732585,64.28,3.72,0.0,319.6,380.6,51.43,10.01804581,0.023220814,2588.14,2713.0
107.061,4.084732585,64.28,3.72,0.0,319.6,380.6,51.43,10.01804581,0.023220814,2588.14,2641.0
107.061,4.084732585,37.78,3.72,0.0,319.6,380.6,51.43,10.98481986,0.215448421,2821.25,3346.0
107.061,4.084732585,37.78,3.72,0.0,319.6,380.6,51.43,10.98481986,0.215448421,2821.25,3193.0
107.061,4.084732585,64.28,3.72,0.0,319.6,380.6,51.43,10.01804581,0.023220814,2588.14,1091.0
107.061,4.084732585,64.28,3.72,0.0,319.6,380.6,51.43,10.01804581,0.023220814,2588.14,1103.0
171.18,3.82,112.58,2.92,0.0,439.3,396.5,44.39,10.09204313,1.0,4880.83,5499.0
171.18,3.82,112.58,2.92,0.0,439.3,396.5,44.39,10.09204313,1.0,4880.83,5396.0
160.68,3.82,102.08,2.92,0.0,439.3,396.5,44.39,10.8471638,1.0,4530.66,4942.0
160.68,3.82,102.08,2.92,0.0,439.3,396.5,44.39,10.8471638,1.0,4530.66,4921.0
150.18,3.82,91.58,2.92,0.0,439.3,396.5,44.39,11.72052713,1.0,4180.49,4569.0
150.18,3.82,91.58,2.92,0.0,439.3,396.5,44.39,11.72052713,1.0,4180.49,4600.0
137.18,3.82,87.08,2.92,0.0,439.3,396.5,44.39,10.86153497,1.0,3605.48,3874.0
137.18,3.82,87.08,2.92,0.0,439.3,396.5,44.39,10.86153497,1.0,3605.48,4048.0
113.68,3.82,72.08,2.92,0.0,439.3,396.5,44.39,10.88163588,1.0,2771.58,3090.0
113.68,3.82,72.08,2.92,0.0,439.3,396.5,44.39,10.88163588,1.0,2771.58,3116.0
139.0,6.0,66.0,4.0,0.0,763.0,748.0,92.96,18.83071883,1.0,9574.24,10438.1
139.0,6.0,81.0,4.0,0.0,763.0,748.0,92.96,18.06245838,1.0,9177.26,9815.2
114.0,6.0,66.0,4.0,0.0,763.0,748.0,92.96,21.90539542,1.0,7008.05,8027.13
124.0,6.0,51.0,4.0,0.0,763.0,748.0,92.96,42.96578917,1.0,8256.29,9645.8
139.0,6.0,66.0,4.0,0.0,763.0,748.0,92.96,18.83071883,1.0,9574.24,11016.61
139.0,6.0,81.0,4.0,0.0,763.0,748.0,92.69,18.06245838,1.0,9167.1,9836.21
114.0,6.0,66.0,4.0,0.0,763.0,748.0,92.69,21.90539542,1.0,7001.25,8112.2
124.0,6.0,51.0,4.0,0.0,763.0,748.0,92.69,42.96578917,1.0,8245.91,9413.2
165.88,3.12,135.88,3.12,0.0,788.0,788.0,107.82,9.960755102,1.0,7485.54,6800.0
137.88,3.12,107.88,3.12,0.0,788.0,788.0,107.82,10.13877827,1.0,6110.61,6051.0
137.88,3.12,107.03,3.97,0.0,788.0,755.0,107.82,10.16828589,1.0,6473.09,6616.0
137.03,3.97,90.03,5.97,0.0,755.0,708.0,107.82,10.75966987,1.0,8326.9,9577.0
135.03,5.97,90.03,5.97,0.0,708.0,708.0,107.82,10.75967133,1.0,9189.87,9950.0
87.22,2.78,64.72,2.78,0.0,281.0,281.0,52.94,18.04169848,1.0,1266.88,1220.0
87.22,2.78,64.72,2.78,20.0,281.0,281.0,52.94,18.04169848,1.0,1266.88,1020.0
87.22,2.78,64.72,2.78,40.0,281.0,281.0,52.94,18.04169848,1.0,1266.88,780.0
87.22,2.78,64.72,2.78,60.0,281.0,281.0,52.94,18.04169848,1.0,1266.88,570.0
84.72,2.78,62.22,2.78,0.0,281.0,281.0,52.94,23.28471528,1.0,1225.94,1200.0
84.72,2.78,62.22,2.78,20.0,281.0,281.0,52.94,23.28471528,1.0,1225.94,920.0
84.72,2.78,62.22,2.78,40.0,281.0,281.0,52.94,23.28471528,1.0,1225.94,820.0
84.72,2.78,62.22,2.78,60.0,281.0,281.0,52.94,23.28471528,1.0,1225.94,580.0
82.22,2.78,59.72,2.78,0.0,281.0,281.0,52.94,28.87890322,1.0,1185.0,1140.0
82.22,2.78,59.72,2.78,20.0,281.0,281.0,52.94,28.87890322,1.0,1185.0,860.0
82.22,2.78,59.72,2.78,40.0,281.0,281.0,52.94,28.87890322,1.0,1185.0,720.0
82.22,2.78,59.72,2.78,60.0,281.0,281.0,52.94,28.87890322,1.0,1185.0,560.0
167.0,3.0,134.5,2.5,0.0,326.67,336.67,30.74,26.69598777,1.0,2636.19,2391.0
147.0,3.0,114.5,2.5,0.0,326.67,336.67,30.74,28.92849822,1.0,2291.38,2350.0
167.0,3.0,124.5,2.5,0.0,326.67,336.67,30.74,24.44975991,1.0,2838.25,2599.0
167.0,3.0,114.5,2.5,0.0,326.67,336.67,30.74,22.96310495,1.0,3021.01,2885.0
166.5,3.5,134.0,3.0,0.0,350.0,350.0,30.74,26.58453708,1.0,3053.58,2555.0
167.5,2.5,135.0,2.0,0.0,336.67,305.0,30.74,26.81039167,1.0,2310.56,2094.0
196.0,3.0,163.5,2.5,0.0,326.67,336.67,30.74,24.20293228,1.0,3136.16,2844.0
77.22,2.78,49.72,2.78,0.0,281.0,281.0,40.4,10.82897853,1.0,1043.69,1228.0
77.22,2.78,49.72,2.78,0.0,281.0,281.0,40.4,10.82897853,1.0,1043.69,1229.0
77.22,2.78,57.72,2.78,0.0,281.0,281.0,40.4,10.33970455,1.0,968.22,1108.0
77.22,2.78,57.72,2.78,0.0,281.0,281.0,40.4,10.33970455,1.0,968.22,1100.0
81.72,2.78,52.72,2.78,0.0,281.0,281.0,40.4,10.84365337,1.0,1130.16,1320.0
81.72,2.78,52.72,2.78,0.0,281.0,281.0,40.4,10.84365337,1.0,1130.16,1380.0
81.72,2.78,61.22,2.78,0.0,281.0,281.0,40.4,10.35015787,1.0,1042.96,1152.0
81.72,2.78,61.22,2.78,0.0,281.0,281.0,40.4,10.35015787,1.0,1042.96,1170.0
86.72,2.78,56.22,2.78,0.0,281.0,281.0,40.4,10.78599126,1.0,1227.9,1420.0
86.72,2.78,56.22,2.78,0.0,281.0,281.0,40.4,10.78599126,1.0,1227.9,1360.0
86.72,2.78,65.22,2.78,0.0,281.0,281.0,40.4,10.2941512,1.0,1127.01,1240.0
86.72,2.78,65.22,2.78,0.0,281.0,281.0,40.4,10.2941512,1.0,1127.01,1270.0
134.42,4.08,37.46,3.04,0.0,697.5,704.2,41.1,12.54560978,1.0,5085.69,5780.0
134.42,4.08,77.96,3.04,0.0,697.5,704.2,41.1,11.3254563,1.0,4995.04,5611.0
134.42,4.08,77.96,3.04,0.0,697.5,704.2,41.1,11.3254563,1.0,4995.04,5486.5
134.42,4.08,118.46,3.04,0.0,697.5,704.2,41.1,9.876548218,1.0,4480.79,4351.4
134.42,4.08,118.46,3.04,0.0,697.5,704.2,41.1,9.876548218,1.0,4480.79,4090.3
134.42,4.08,118.46,3.04,0.0,697.5,704.2,44.39,9.876548218,1.0,4514.97,4587.4
134.42,4.08,118.46,3.04,0.0,697.5,704.2,41.1,9.876548218,1.0,4480.79,4304.7
145.92,4.08,48.96,3.04,0.0,697.5,704.2,41.1,11.40770498,1.0,5724.94,6172.8
145.92,4.08,89.46,3.04,0.0,697.5,704.2,41.1,10.30624758,1.0,5514.01,5945.7
145.92,4.08,129.96,3.04,0.0,697.5,704.2,41.1,9.069466802,1.0,4879.48,4594.7
145.92,4.08,129.96,3.04,0.0,697.5,704.2,41.1,9.069466802,1.0,4879.48,4550.2
171.18,3.82,112.58,2.92,0.0,439.3,396.5,42.07,10.09204313,1.0,4764.19,5499.0
160.68,3.82,102.08,2.92,0.0,439.3,396.5,42.07,10.8471638,1.0,4422.57,4942.0
150.18,3.82,91.58,2.92,0.0,439.3,396.5,42.07,11.72052713,1.0,4080.95,4569.0
137.18,3.82,87.08,2.92,0.0,439.3,396.5,42.07,10.86153497,1.0,3527.16,3874.0
81.72,2.78,58.22,2.78,0.0,281.0,281.0,52.94,10.52478977,1.0,1192.36,1320.0
81.72,2.78,66.72,2.78,0.0,281.0,281.0,52.94,10.03109442,1.0,1049.59,1152.0
86.22,2.78,61.72,2.78,0.0,281.0,281.0,52.94,10.52565569,1.0,1284.27,1420.0
86.22,2.78,70.72,2.78,0.0,281.0,281.0,52.94,10.02846877,1.0,1121.87,1240.0
214.21,2.79,169.21,2.79,0.0,465.0,465.0,41.33,10.17535933,1.0,5264.61,4409.0
214.21,2.79,169.21,2.79,0.0,465.0,465.0,41.33,10.17535933,1.0,5264.61,4570.0
213.18,3.82,169.21,2.79,0.0,383.0,465.0,41.33,10.17536021,1.0,5427.21,4978.0
213.18,3.82,169.21,2.79,0.0,383.0,465.0,41.33,10.17536021,1.0,5427.21,5102.0
211.2,5.8,169.21,2.79,0.0,370.0,465.0,41.33,10.17536021,1.0,6227.73,5909.0
211.2,5.8,144.21,2.79,0.0,370.0,465.0,41.33,10.74655946,1.0,7059.31,6670.0
211.2,5.8,143.18,3.82,0.0,370.0,383.0,41.33,10.77006642,1.0,7206.18,6714.0
211.2,5.8,141.2,5.8,0.0,370.0,370.0,41.33,10.81520986,1.0,7815.42,7827.0
174.42,3.08,138.42,3.08,0.0,521.0,521.0,41.33,8.270497816,1.0,4535.47,2208.0
174.42,3.08,138.42,3.08,0.0,521.0,521.0,41.33,8.270497816,1.0,4535.47,4511.0
